-- phpMyAdmin SQL Dump
-- version 4.8.0.1
-- https://www.phpmyadmin.net/
--
-- Host: 127.0.0.1
-- Generation Time: Jul 21, 2018 at 04:50 PM
-- Server version: 10.1.32-MariaDB
-- PHP Version: 7.2.5

SET SQL_MODE = "NO_AUTO_VALUE_ON_ZERO";
SET AUTOCOMMIT = 0;
START TRANSACTION;
SET time_zone = "+00:00";


/*!40101 SET @OLD_CHARACTER_SET_CLIENT=@@CHARACTER_SET_CLIENT */;
/*!40101 SET @OLD_CHARACTER_SET_RESULTS=@@CHARACTER_SET_RESULTS */;
/*!40101 SET @OLD_COLLATION_CONNECTION=@@COLLATION_CONNECTION */;
/*!40101 SET NAMES utf8mb4 */;

--
-- Database: `stanle14_sandyfeetrental`
--

-- --------------------------------------------------------

--
-- Table structure for table `building`
--

CREATE TABLE `building` (
  `building_id` int(11) NOT NULL,
  `building_name` varchar(50) NOT NULL,
  `building_desc` text NOT NULL
) ENGINE=InnoDB DEFAULT CHARSET=latin1;

--
-- Dumping data for table `building`
--

INSERT INTO `building` (`building_id`, `building_name`, `building_desc`) VALUES
(1, 'Sands', 'Oceanfront complex with large two bedroom two bath and three bedroom three bathroom luxury condos, with generous private balcony, most master baths feature a Jacuzzi tub. The complex is situated to take advantage of the beautiful natural settings including panoramic views of the Atlantic Ocean, Tubbs Inlet, Marshlands, and the Intercoastal Waterway. Amenities include an oceanfront pool, whirlpool'),
(2, 'Tides', 'Located in the community of Ocean Isle West, this exclusive oceanfront complex features two and three bedroom condominiums with two baths. Each condo has an individual balcony, fully-equipped kitchen and access to the oceanfront pool. Located beside the Isles Restaurant. Quiet, family friendly location on the desirable west end of the island. Great for afternoon relaxing and entertainment');

-- --------------------------------------------------------

--
-- Table structure for table `building_pics`
--

CREATE TABLE `building_pics` (
  `building_pic_id` int(11) NOT NULL,
  `building_id` int(11) NOT NULL,
  `building_pic_desc` text,
  `building_pic` blob NOT NULL
) ENGINE=InnoDB DEFAULT CHARSET=latin1;

-- --------------------------------------------------------

--
-- Table structure for table `cleaning_rates`
--

CREATE TABLE `cleaning_rates` (
  `cleaning_id` int(11) NOT NULL,
  `cleaning_rooms` int(1) NOT NULL,
  `cleaning_rates` decimal(9,2) NOT NULL
) ENGINE=InnoDB DEFAULT CHARSET=latin1;

--
-- Dumping data for table `cleaning_rates`
--

INSERT INTO `cleaning_rates` (`cleaning_id`, `cleaning_rooms`, `cleaning_rates`) VALUES
(1, 2, '50.00'),
(2, 3, '60.00');

-- --------------------------------------------------------

--
-- Table structure for table `output_images`
--

CREATE TABLE `output_images` (
  `imageId` tinyint(3) NOT NULL,
  `imageType` varchar(25) NOT NULL DEFAULT '',
  `imageData` mediumblob NOT NULL
) ENGINE=InnoDB DEFAULT CHARSET=latin1;

--
-- Dumping data for table `output_images`
--

INSERT INTO `output_images` (`imageId`, `imageType`, `imageData`) VALUES
(1, 'image/jpeg', 0xffd8ffe000104a46494600010100000100010000ffdb00840009060712121215131213151510171518151917151815161a17171515161615151916181d2820181a251d151521312125292b2e2e2e171f3338352c37282d2e2b010a0a0a0e0d0e1b10101b2b2520252d2d2d2d2d2d2d2d2d2b2d2d2d2d2d2d2d2d2d2d2d2d2d2d2d2d2d2d2d2d2d2d2d2d2d2d2d2d2d2d2d2d2d2d2d2d2d2d2d2dffc000110800e100e103011100021101031101ffc4001c0001000203010101000000000000000000000506030407020108ffc40048100001030104060508080306070100000001000203110405213106124151718113226191a1072332425262b2c12472738292b1d1f053b3e114344363a2f115253544c2d2d333ffc4001a010100020301000000000000000000000000030401020506ffc400361100020201020306040406020300000000000102031104211231410533517181b1326191a1132252d1144272c1e1f023531534f1ffda000c03010002110311003f00ee28020080200802008020080200802008020080200802008020080200802008020080200802008020080200802008020080200802008020080200802008020080200802008020080200802008020080200802008020080200802022a3bcc824385454e233cfc55b7426b313971d74a326a6b2bee4841686bc55a6bf9f72ad284a3cce857742c598b32ad4902008020080200802008020080200802008020080200802008020080203e550c64d3bc6f58a01d7775b63462e3cbe654f4e9ecb7e15ebd0ada9d6d3a75f9defe1d4aade5a4f2c9847e6dbbf371e7b3977aead3d9f5c379eefec79ed576c5d66d5fe55f7ff001e9f52bf63bfa58cd1c7a4657d638f277eb557ecd2573595b3ff007a15a174973dcb0582f78e4a6a38b5fb8e0796fe4a85ba69c3e25945985c9bcc5e193766be1cdc1e3586f181fd0aa33d327bc763a54f68ca3b59bfcfa92d67b531e2ad20f66d1c42a93ae50e68ea557c2d5983332d094200802008020080200802008020080200802008020080f8e7019aca5935949477678e9372cf091fe2e791a56fbd6287ff00d1dd6f6462e3cbf55355a7b2df857af42b5facaa8dec7bf8752b179693cb2611f9b6ef18b8f3d9cbbd7529ecfae1bcf77f6385a9ed8b6cdabfcabeff005e9e9f529d795ff1464e3d249b434d71f79dfee57412f02955a5b2c797b7cd959b75f33ce7545434e018cae3d84e6e59c1d1af4d5d4b3f7643592f29a0710d26809ab1d88cf76ce4a9c6e9d72d8bb3a2bb565fd5163bbf48a29307f9b7f6fa2783b673572bd4c65cf639b6e8a70de3bafb969b15f5232809d76769c793bfdd2cd3427bad995e36344e58ef563c82c716bf71c0f23b792a565128fc4b2896366f98bc3272c97fb9b8483586f181fd0f82a3668e32de1b1d2a7b5251dac595e3d49cb25b2394558e07b368e2151b2a9d6f1247629d4576acc1e4d851930401004010040100401004010040100401018e69dac15710076fef15b460e4f091a596c2b5993c11f2deb5c1830de7f45623a7c7c473aced0ced5af5669da6f48e2c64775b70c5c796c53434f3b3682dbec53b355186f63dfee415bf49657e11f9b6f662e3cf672ef57ead0571de5bbfb1cfbbb4ed96d0fcabeffe3fddca95e17f451d71e924da1a6b8fbcefd9577056af4b659bbdbe6ffddcad5e17d4d3615d561f55b5c7b09ccadb0742ad3575efcdf8b362edd1c7be864ea3777ac796ce7dc9934bb5918ed1ddfd8b3586c11c23a8da1da7327895ab39b65b3b3e2673eb63017bebedbbe22b4714f99dfadb5158f0469c9653eae3d8a2951fa4995be265b0de72c3834f57d97623bb6725a42c9d7b235b28aedddaf52c760d218a4c1fe6ddda7abc9db39ab90d4c65b3d8e75ba29c378ee8b2d9af57b70275dbdb9f22b6951196eb62aa6c94b2de4d71058e2d7f1a1e476aad3a5ada4b28ca938bcc5e1960b0e93bdb84a35dbed0c1c39647c150b741196f078f63a9a7ed69c76b56578f5ff2592c56f8e6158dc0ef1911c4661736ca675bc491dba7515dcb3079f7365444c100401004010040100401004062b4da1b1b4b9e435a3695b42129be18adc8ecb615c78a6f0880b669257089b41ed3be43f55d0af438de6fd0e35fdaeded4af57fb7eff421ed1780075a4712eef3ddb15c852ded15b1cb9dcdbe29bcb342d17cbdd833a83c7bf6725621a58ade5b90cb5327b476342b5c76ab0567b95ad2ab5481e236b886160240da4970c6989cb2598ac9d0d1c21c2e4d6f9222c9773dee0d0313b3e6770537e1e1665b16a77462b2cb6dd973c70e3e949ed1d9f577281bc9cbbb532b36e4bc091582b9f42c039b5a7d37fd777c45611e8a1f0af23cb5488c1f5f08767de92ae335b9953713466b310aa4e8717b1623626891d1cb4c8266c7ac750d6ad3960d270ae596c59a2528cd44adab845d6e78dfc4b615d03946cc378bdb81eb0edcf91513ad318242cd6f0482c716bc76d08e05472af6c4965184e50795b32c776e973d984c35dbed0a070e2323e0b9d7766c65bd6f0fc3a1d5d3f6bce3b5ab2bc7afecfec5b2efbc239dbad13b586476107710725c9b699d4f1347729bebba3c5079369444c10040100401004010040685fb1eb59e41b9a5df87adf253e965c36c7cfdca9ae871e9e6be59fa6e73492dee3e8e03c57a555a5ccf1dc461054860f410d587ca1b9958c6428b7c885bd1e1efd603653b7327e6acd2b08b74ae158252e6b2063358fa4fc796c1f3e6a0ba7c52c7815f516714b1d11d22edba6cee86373a261718da4923325a2a579cbb53746c92527cd9e974da2d3ca984a504db4ba7c8d9ff0082d9bf831fe10a3fe2affd4c9ff80d2ffd71fa0ff8359bf82cee58fe2aefd4ccff0003a6ff00ae3f4351fa2177666cb054e38b427f137bfe6658fc1a62b749185da31760ff00b5879316eafd4fea7f52293d32e8be86b5aee3bb98c73858e2c1ae3e88190254b0b750da5c6c825651d2071073359bdb45e9251ca39f1783cddb26acad752b4af8823e6a18adccdcb3068b3c5696bb238eedaa539b284a3ccf4501e4ac1932456d7370388edfd561c51ab8a3a9682c7f446be94d7739de3aa3c1abce768cb37b5e1b1e93b2ebe0d3a7e2dbfedfd8b0aa074420080200802008020080f8e6d450e47044f061acac1c7ad10963dcc39b5c5bf8491f25eba32e28a978ee7859c3824e0fa36be87874c1b995b1849be47881f2cced48585ceec153c49c9a38ac4e5182ccde09614b93db76592ebd0ef5ad0ea9f61a7e27fe9deb9f7768f4ad7abfd8bb0d2e3e2fa221f4e6cac8e66323686b7a218014cdefc78f6abbd9b64a553949e77fec8d6e4a32491b0e1414d8053b9616e725ee743ba4f988becd9f085e7351decbcdfb9ed749ff00af0fe95ec6da88b010114fccf156d723932f899e50d48ed259356c9683fe4bfbcb481f9a9b4eb36c57cd1897238ab4af4888324c68040d7de3131ed0e61e9016b80208e89f810735ced6b71aa4d6dffd2d529392c97bbfbc9dc6eabacaee8dd9ea3aa59c9de937c552a3b4e4b6b167e7d4cd9a68ff002edec51edf67b4d95dab688dc3713883f55e302bad5dd0b1660f273eca31f211da5aec8e3bb6adc825171e61c564d0ee373d97a28228fd88dad3c43454f7d5790ba7c764a5e2d9ebe987e1d718f8246e288942008020080200802008020397696d8e636e9238585c5c1b27546c70c493934543b12bd168ee8ad3a7378c6c798d7699ff00132c2ce77376e9d07f5ad2fa9f6187e27fe9dea1b7b47a56bd5fec6d0d16379fd116cb359591375636358ddcd14e6779ed5ce94e537993c96785456123d95835e7b140f280d22d2caff09bf1bd77bb31ff00c2fcdfb2296aa2e3259f03e4a56f138e743ba0f988becd9f085e7751decbcdfb9ed748ff00e087f4af636eaa22c64550648b7e678ab4b91c997367c4304069dcbab619bb751bf8a4603e1556b46b3747fde86b3e47220bd022064ef93a1ff33878c9fca7ae6f687732ff007a96f4fbc91dc1cbcfa2d4b635ad503246963dad730e6d70041e456f1938bca641228b7f793e8dd57595dd1bb3d4754b0f0766df1e4ba74ebe4b69acfcfa95a505d0addd3755a196c8209e3203a56e27105ad3acea38607069572dd447f06528be869550a76c57ccee4bcb9e9020080200802008020080f8e75334c189494776617cfb96ea1e2569ea3f49849ef5be0ace4df33c95b1a33e884ed58e232a96f99f269a38855c43476ede1bd23194de12c92375d4b2f639b69b5b5b35a1ae6d75431adc76f59c6be2bd1767d4eba9a7e3fd8e2eb2e8db3cc7c0fb215ba3908e87741f3117d9b3e10bceea3bd979bf73d9693b887f4af636d42583e8407e61be2fab50b44c05a6d0009a40009a5000123a800d6c02e9452c2d8ad2c6791accbeed84d05aad24fdb4bffb2dd472f091abc12515b667375659e67d736be491cdc32c1c68ba5a7aa10dfa952d937cb91902bc8aec96d0ab6b61b7c523812d697d40a5718dcddbc551d654ecae515feee4f55aab6a6cee561bc629c5637876f1911c5a710bce594cea7892c1d285b5dabf2bc99648b72d5488a74bfe534e55344a724d73359ce23119a952c9165a7946c417b16e0f151bc67fd5472d327f0972aed094769acfb92967b4b1e2ad20fe6388556709439a3a55dd0b1662ccab42508020080203e12861bc2c985f3ee5ba87895a7a8fd2612eaadf056726f767c59318c991b16f5af1122a9f53c5a6d11c4dd67b83476ede1b4acc6129bc4564da52854b2f62bb786939384229ef3be4dfd7b9742ad0f59bf439b76bdf2ad7ab215e5f21d67b893bce6aea518ac44e7ca529bcc995ed2599ac91a09c75461b7d272b9a6cb8b35e06f91b524a4ad947051c1d2ae6feef0fd933e10bccea3be9f9bf73d7697b88792f637142580101f962f48cbad33819f4d2ff0031cba9545c9248af3696ecd8b3d943476ef5d1ae9515b732a4ec6cf6e6d16ed34613c9e99291c166363898704c90d1d943ad2c197a5f039625627922b62d565cc35ec21cc241191068477289e24b0cab1961e513f75e99c8ca3671aedf68503871193bc151b74117bc36f62fd5ad92da7bfb96cb0de10da1b58dc1dbc64e1c41c42e74eb9d4ff32c1754e16adb73cda2c5ec9e47f55bc2df12bd9a7fd245cec20d08a156a2d3e4529c5ad99adae41a8241de3052e1358668a4e2f2b6246c77fb9b8483586f181eec8aad668d3de1b1d0a7b4a51dac59f9f527ecd686c8d0e69ab4f25cf9c1c1e2475abb636478a3c8cab52408020080c0e8148a654950b3b33e0842710542ea78b55aa389bacf706b7b76f01992b3084a6f1159332942b597b158bcb4babd581b4f7dd9f26febdcba15687acfe8736eed0e95af57fb104ee9243acf71277bbe4362bc9462b1147365294de64ccd1c4071de9935326b2c0291a476864d686f44e0f0d68692dc4021ce24572da15ed36d064abf247f36c4c96533594ce5e4e99737f7787ec99f085e6b51decbcdfb9eb34bdcc3c97b1b8a127154192832f92385cf7bc5a6405ef73cf5599b9c5d4e18ab75f683ad6145096954de5b3c9f24b08ced520e2d629576a4fa417dc8e5a382e72f6295a6570c7629db147219018c3c9700284b9e2941f57c57574774ae83949637c146e8c612c41e4afba0072c14ee94f911ab1ae67db9656c56963e43aac05d5272156903c4854e69c65b9bd8b8eb6a27416481c0104169c88c41e6164e7630789180e699329e0c1a8f610e63882322d2411dc8f0d619ba97527eead3691946cede91bed0a078e2327782a76e862f786dec5daf552e52dcb6d86f282d2dac6e6bc6d69cc7169c42a12ae753df627e28cd7898e7bb187225be23c5490be4b995e7445f2355b748ae2ea8dc053e6a57a9db6446b4fbf32cd678831a1a30002e64e4e526d9e82aad570514645a92040100406b5bad91c4dd791c1adde769dc06d3d816f084a6f115922b67182cc9e0a95e9a664d5b676d07b6fcf937f5ee5d1ab42b9d8fd0e55dda0ded5af56571cf92676b39c5cedae71af2fe8afc5460b0960e6ce5293cc9e59b90c0d6f69deb1934329777202bb7be97c1155b1f9d7fba7aa38bb6f2aad9264d0a252e7b14abdeff009ed183df467b0dc1bcc7adceab3c8b50aa31e44968d3488b2342f24768a34546f15047256697f94a5acef17916b90add1cc3a4dcc7e8f0fd933e10bcd6a3bd979bf73d5e9bb98792f636eaa22615406bc96979db87660a4508f815e77d8f6c98495b90b79392794696b6e70f6591b7fd3adff92ede81629f56453e6571aaf91b34aded25ae001273c05701893c0004f254f53f0327a79a34eedbd6580d62790368cda78b72e79ae7a93458b2a8cfe245baebd2f8df4130e8dded0c587e6de7876a963627cca366924be1dcb132404020820e44620f35295b18d8f12c41d9e7bd32653c1a4f6be321cd2411939a482398c967692c3248bf02c37569ac8ca3671d237da140f1cb27782a7668e2f786c4ead7d4badc76f8ad075a278706e246441d950711fd150be32ad61a2e6962a73cf813aa99d50802008020233492c1d3d9dec03ae06b37eb371039e239a9f4d67e1d8995f5557e2d4e3d7a1cba06eb1017799e6c97600d141800b435206f6d2e822a88fcebfdd3d51c5fb79556ca24d1a64f9ec532f6bf67b47a6fa33d86e0de636f3aadb0916615c63c8cb7168cdaad87ccc7e6f6c8feab07def5b80aa8e76c61ccdce8b70f93db341474ff004897de148c7067adf7abc02ab3be52e5b1a4a461d33a0998060046d000c29d672bfa2eedf99cfd47c5e869c8e568a291d2ae63f4787ec99f085e6efef65e6fdcf51a6ee61e4bd8dcaa889b22a83269bb3532293e67c430717d33935add683efeafe16b5bf25ded26d4c48e5cc896956b246c9df2787fe650f193f94f5435ddccbd3dc9aae65e74a3c9dd8ed557b1bfd9e738ebc406a93bdf1e4ee2287b571e16497ccb1c6d1ca348f42ad763ab9ece9211fe2c757340f7866ce7876ab319a91b29a644ddd79cb09ac6f206d6e6d3c5b973cd4b19346b3ae33e68b5dd9a5b1be8251d1bb78c5a7e6dfde2a553453b34d25bc772c01e1c2a285a4660d411c56e56c3445da59aa69b362d8953ca3a9f93cbb7a2b28791d798eb9fab9307763f797135d671d98f0d8ede8abe1af3e3b96854cb81004010040101c7f4dadedbbed4f68617178e918326eabc9ad4f6104502ef6967f8b5a7e1b3381a9d2b8daf1c9ee506f5bf27b47a6ea33d86e0de636f3aab2924235c63c8cf70e8bdaad8474319e8f6c8feab07def5b836aa3b2e8439b2448e95a3fe4e6cd051d3fd225f785231c19eb7deaf00a8d9a994b96dee6705b8e0280500c001b3b0050a3591f5966273c0239a46156df328da7cd0db4300fe137e37aeaf67b6eb79f1fd8a5aa8a5349781172b95c39a74eb97fbbc3f64cf842f3b7f7b2f37ee7a6d3f751f25ec6e28894040711bc3ca9db992c8c11d9b55b23da2ac92b46bc815f399e0ad282c1a3aa27887ca9dbdc6823b37e097ff00aa961429bc23494231596435aad4e9647c8fa6bbdc5e6980ab8d4d06e5d98478528ae85467969521ab27bc9d7fd4e1e327f29ea86b9ffc32f4f727a566491db2588ecc570e3244d283e868ca54f12b48a5e91e82d96d35735bd0cc71d68c0a13ef3323c450f6a9a2c46e944e697f6895aacb52e66bc43fc48ea453de19b79e1daa42c42d8c88cbbef2961358df41b466d3c47cd6ea4d199d7197345c346edffdbed10d9cb0b6473a84b711aa06b3ddbdb46839f7accef508393218691b9a4b91fa0636068000a0000006c03001705bcee7752c1e9600401004010040523ca7e893edf1c4e87544d1bc825c683a378eb5680e4434f7abba3d42a9b52e4fdcabaaaf8a39f023347bc9bd960a3a7fa44bef0a460f633d6fbd5e014f66aa72d96cbee50c22e406400c06000d9c02ae64f6d809cf05ab9a36fc37d44ae646359c435a36b8d3c51714de107c31596572f1d2a0308454fb4ec0726e679d15caf49d6655b354bf94a3dff6a7c920748e2e76a8c4eea9c86c0baba784631c44a1649ca596257294a88ea1721fa343f64cf802f3d7f7b2f37ee7a2a3ba8f92f637aaa125c805064fcb57b026d33019f4f2ff0031caec22de1224934b7666b3c7a830cf6ae8d70e05b14e72e266d326deac466ba90b89b2d2a4c9ab33dc7687c7696be3716bc17508cc754a82d8a9269f233971594750ba34e88a36d2da8f6d831fbccfd3b972edd0ae707e8490d43fe62d966b543686eb46e6bdbbc1c47611983d8553719d6f0f627fcb346b5a6c47d535ec2a685aba95e74be845ced230208e2ad45a7c8ab24d732a37ee87d9ad157347452fb4c0284fbccc8f2a1ed5270e4921a8943e6895f247a18fb2cb35a26d5775445116d7104d64750e59307e25ced6cb1881d8d1c94e3c68ea2a817420080200802008020359d10dca5526539571cf2314f33236973dcd6346d2400b314e4f0b7349351597b156bd74c9a2ad81bac7db7540e4dccf3a2bd568df39946dd5ae502b168b44b31d691c5c779c8700301c95f8c230588a28ca6e4f3267a646076a64d4afe92dac36468a54ea8f89cad53f09955f16e6392627352a2b2583aedc27e8d07d8c7f005e72fef65e6fdceed3ddc7c91bf5511264fa101f9a6df0eacf39da6693f98ec176a9ad4629f522b27c4cc2a523080fad7919159526b9069337ae19eb686efeb7c2568eccb68d6c862192d8f602b0544cf1149242ed78dee6b86d69a1e7bc76234a4b0d1bc658e459ee9d3a228db4b6befb063f799b79772a7668d738166377ea2d766b6c53b75a3735edecc69c4660f1559c6507bec6eda923c3ac8cafa22bfbd8b7564b1cc89d71cf22c7668b51a1bb87fbae6ce5c526cee550e08289956a481004010040100401015cd30be64b2b5858c075c91acec9a40a81abb4915dbb15cd2531b5bcbe473f5b6caac34b99ceedb6e92676b48f2f76cae4380180e4baf08460b115838f39ca4f3266586cf4c5d9ee596c8cce4ac03c4b3068ab880379594b20a6e915adb24c0b6b40d031c3d627e6acd69a44d0f84d82e529530763d1f3f4583ec63f802f3b7f7b2f37ee75eaeee3e48dfaa8890fa0a0c9f9baf53e7e6fb593e372ee43e15e444f99aab630100407bbaad0193b5c7205d976b48f9a817c66d62cd65d20b435e2ad7023f798d8a42834d73325560c18a6841cb359365235e0b43e276b31ce63c6d69a72ed1d8b0d26b0c951d0b406fa96d529648d0446dd62f18635a3416e55389c29e895cfd64235c36ea5bd245cecdfa6e7405ca3b01004010040100401004045693dddfda2cd2300abc0d66fd66e2073c47353e9ecfc3b132bea6afc4a9aebd0e55616d4d772eeb3ce364959e0748ed5634b9c76015fd85a4a4a2b326663094de22b2cd6d2c8e6b17461cd6eb481c4635d5d52010779c46d58a2c85d9c7426b74d3ab1c5d4a7cf6873cd5ce24f6fc86c56d6dc88b068db410e15c30af895ba24af7448eb2dcaf83b3e8f7f75b3fd8c7f005e7efef65e6fdce955f02f244828890356183f37dea7cfcdf6b27c6e5db87c2bc88df33556c60550c9f2a80c700abf0cea7f22a18fc66f3da06ec72169a8241ecc14c57c64b5688326b6ca60686eb88dcfd63860da0a1a0cc970505d6c6a8f13330d33b1e2248dbec12c0ed5958e63bb723da0e4792da16466b317920b2b956f1258232daddbc96c21e0756f26d75f43640f23af31e90fd5ca31c298fde5c6d6d9c5663c363b7a3af86bcf8ee5ad532d840100401004010040100405563d0c674b239cea44e797358dc0f5b1209d82b5cb62bdfc6b50492dfc4e6ffe3a2ec726f6f02c763b1c71375636868ecdbc4e679aa939ca6f3265faeb8d6b115829be56ac1d259a390671cb89f75ed20f8862bdd992c58e3e28a3da6b1529783f7398c3135b967bcaee1c0726c8bbecf5c7d51f99592d69fe1f532c12d5a0fef05b1a4a386757bb7496c7059a06cb6989af10c756eb82e07506058dab8772e1dd093b2585d597abf817911f6df29f6167a1d2ca7dd66a8ef791f92d553237202dbe566435e86ccc6ee323dcff00f4b437f35bad3aeac1cfa798bdce79cdce2e34caae249a77ae8c5611a98d640aa03e134586f0b212c9f2ec3e75bcff0022a1a9fe746d7f76c9a9236bb30aeb4994549ae4746f22776eabad336ca32369e24b9e3c18b91da6f1c31f53aba0fcd991d3ed56564ad2c91ad7b0e61c010b971938bca65f94549624b253af7f2791bc8e85e58c2e1acc754f56a35b55d9834ae75e4af57af925892c9427d9f1e2cc1e3e45d6360680d028d000006c0300173dbc9d14b07a4010040100401004010040100401010fa5f64e96c73b2953a85c38b28f1e2d563493e0ba2fe7efb15b590e3a24be5edb9c4415e98f2a43df3e98faa3f32b52ee9fe1f535ecd3ea9c723fbaaca64b38711b92c4d78c403b8ff5494232e64319ca2f623a7bbdc3d1eb0f1feaab4e86b96e5985e9f334ce1c5404e7baab2b91a0aac81543260964ae03255e73cec89231c6e64bb4f9c6f3fc8a53f1a35bfbb64e555f39c76cf25763e8ec0d753195ef93c750783077af3fda13e2b9af0d8ee6861c34a7e3b96f544b810040100401004010040100401004010040797b41041c88a77a2780d64fcff6d83a291f19cd8f733f0b8b7e4bd5c25c5152f147909c3864e3e0da25ae7b8e0b5427a56f583c80f6e0e1d56edda33c0d428ac938bd8cc2c947910b7c6845a22aba2f3d1fbb83c7166de5dc91ba2f9ec5b85d17cf62b91cce61a6e3420efe1b0a9932494148db8ad20f61dcb64d10ca0d09a26bbd21cf6ac4a119733119ca3c88870a150722eadd1e1f200b594d236516cc124b5e0a094db2550c12160b92593123519bdd9f26e67c166354a44366a610db9b2685d31c2c240abf0eb1cf3190c82b30ae3128cb513b1e1f2358953183f485c763e86cf0c5ec46c69e21a01f1aaf2d6cf8e6e5e2cf495c7860a3e08de519b840100401004010040100401004010040100405274a3409b687be685fa9338eb16bb1638efa8c5a7bf82e8e9b5eeb4a13595f739ba9ecf5637383c37f439fdb2c76bb0bfaed7c4761cd8ee07d1770cd75a165772fcaf271ada2753c4d63d89aba74b5b809dbaa7db6e239b731caaa3b287fca464d5bee0b1db9bace6b5c48c258c80efc433e06aaa7e24eb78fb13426e3c8a15ffe4f2d3055d0f9f8b3ea8a48076b3d6fbbdc159af55196cf62cc6d4caa326734d0ec3420e041198ec2ad2919956991734e6a760a954a7636f62e46b58242efb86697123519bdd99e0dccf82c46b9323b351087cd963b15cf0c38d359c3d67d30e1b02b11ad44a165f3b36e82d3793460dc4efd9fd54d82250f130d8ac968b5bf52263a47ee68c076939347695acec856b327826aea949e20b2745d19f25faa5b25b1f57021c228f2a8351acf39f014e2572efed1cae1ad7ab3a74e831bcdfa1d31728e9040100401004010040100401004010040100401004063b440d91a5af68730e05ae0083c41598c9c5e5189454961a28f7f793889f57595dd13bd8754b0f039b7c4762e953da528ed66ff003ea732fecc8cb7af6f974ff051ad166b65df27583e2757318b1fcfd1770cd74e33aaf5b6fee726da6ca9e26b1ec59ae6d3a69a36d2dd53edb2a5bcdb98e55e4aadba37ce0fd0d54bc497bd747ac578335dcd6b89184b1101df88674dceaaad1b2ca9e3eccb109b39ac171416773a8359cd711aefa57024546c6ae8420b998b2e9cf6e862b5decd1833ac77ecfeaa6512350352c765b45adfa9131f2bf73460ded27268ed2939c2b5993c135754a4f11593a1e8ef92b028fb6bebfe546481f7a4ccf014e2572eeed2e95af57fb1d1ab40b9d8fd0e8d77d822818238636c6c1b1a001c4ef3dab9939ca6f32793a118c62b1146cad4d820080200802008020080200802008020080200802008020080c768819234b1ed0e61c0b5c0107882b31938bca3128a92c3451efef27113eaeb2bba27fb0ea961e0736f88ec5d2a7b4651dac59f9f53997f66c65bd6f1f2e9fe0a34f67b6ddf2621f1389cc62c7f3f45dc0e3c174a33aaf8edbfb9cab2ab297f9963d8858a0b55b652d8d8f95e493468eab6a4e276347692b694e1547327844d5d729bc451d03473c958147db5f5dbd146481c1d26678369c5736eed27cab5eace8d5a05cec7e8746b05822818238636c6c1b1a001c7b4f6ae64e729bcc9e4e846318ac451b2b53608020080200802008020080200802008020080200802008020080200802031da20648d2d7b5ae61c0b5c0107882b31938bca3128a92c331d86c3142cd48636c6c1b1a001c70ccf6acce729bcc9e4c46318ac4560d85a9b04010040100401004010040100401004010040100401004010040100401004010040100401004010040100401004010040100401004010040100401004010040100401004010040100401004010040100401004010040100407fffd9),
(2, 'image/jpeg', 0xffd8ffe000104a46494600010100000100010000ffdb00840009060712121215131213151510171518151917151815161a17171515161615151916181d2820181a251d151521312125292b2e2e2e171f3338352c37282d2e2b010a0a0a0e0d0e1b10101b2b2520252d2d2d2d2d2d2d2d2d2b2d2d2d2d2d2d2d2d2d2d2d2d2d2d2d2d2d2d2d2d2d2d2d2d2d2d2d2d2d2d2d2d2d2d2d2d2d2d2d2dffc000110800e100e103011100021101031101ffc4001c0001000203010101000000000000000000000506030407020108ffc40048100001030104060508080306070100000001000203110405213106124151718113226191a1072332425262b2c12472738292b1d1f053b3e114344363a2f115253544c2d2d333ffc4001a010100020301000000000000000000000000030401020506ffc400361100020201020306040406020300000000000102031104211231410533517181b1326191a1132252d1144272c1e1f023531534f1ffda000c03010002110311003f00ee28020080200802008020080200802008020080200802008020080200802008020080200802008020080200802008020080200802008020080200802008020080200802008020080200802008020080200802008020080200802022a3bcc824385454e233cfc55b7426b313971d74a326a6b2bee4841686bc55a6bf9f72ad284a3cce857742c598b32ad4902008020080200802008020080200802008020080200802008020080203e550c64d3bc6f58a01d7775b63462e3cbe654f4e9ecb7e15ebd0ada9d6d3a75f9defe1d4aade5a4f2c9847e6dbbf371e7b3977aead3d9f5c379eefec79ed576c5d66d5fe55f7ff001e9f52bf63bfa58cd1c7a4657d638f277eb557ecd2573595b3ff007a15a174973dcb0582f78e4a6a38b5fb8e0796fe4a85ba69c3e25945985c9bcc5e193766be1cdc1e3586f181fd0aa33d327bc763a54f68ca3b59bfcfa92d67b531e2ad20f66d1c42a93ae50e68ea557c2d5983332d094200802008020080200802008020080200802008020080f8e7019aca5935949477678e9372cf091fe2e791a56fbd6287ff00d1dd6f6462e3cbf55355a7b2df857af42b5facaa8dec7bf8752b179693cb2611f9b6ef18b8f3d9cbbd7529ecfae1bcf77f6385a9ed8b6cdabfcabeff005e9e9f529d795ff1464e3d249b434d71f79dfee57412f02955a5b2c797b7cd959b75f33ce7545434e018cae3d84e6e59c1d1af4d5d4b3f7643592f29a0710d26809ab1d88cf76ce4a9c6e9d72d8bb3a2bb565fd5163bbf48a29307f9b7f6fa2783b673572bd4c65cf639b6e8a70de3bafb969b15f5232809d76769c793bfdd2cd3427bad995e36344e58ef563c82c716bf71c0f23b792a565128fc4b2896366f98bc3272c97fb9b8483586f181fd0f82a3668e32de1b1d2a7b5251dac595e3d49cb25b2394558e07b368e2151b2a9d6f1247629d4576acc1e4d851930401004010040100401004010040100401018e69dac15710076fef15b460e4f091a596c2b5993c11f2deb5c1830de7f45623a7c7c473aced0ced5af5669da6f48e2c64775b70c5c796c53434f3b3682dbec53b355186f63dfee415bf49657e11f9b6f662e3cf672ef57ead0571de5bbfb1cfbbb4ed96d0fcabeffe3fddca95e17f451d71e924da1a6b8fbcefd9577056af4b659bbdbe6ffddcad5e17d4d3615d561f55b5c7b09ccadb0742ad3575efcdf8b362edd1c7be864ea3777ac796ce7dc9934bb5918ed1ddfd8b3586c11c23a8da1da7327895ab39b65b3b3e2673eb63017bebedbbe22b4714f99dfadb5158f0469c9653eae3d8a2951fa4995be265b0de72c3834f57d97623bb6725a42c9d7b235b28aedddaf52c760d218a4c1fe6ddda7abc9db39ab90d4c65b3d8e75ba29c378ee8b2d9af57b70275dbdb9f22b6951196eb62aa6c94b2de4d71058e2d7f1a1e476aad3a5ada4b28ca938bcc5e1960b0e93bdb84a35dbed0c1c39647c150b741196f078f63a9a7ed69c76b56578f5ff2592c56f8e6158dc0ef1911c4661736ca675bc491dba7515dcb3079f7365444c100401004010040100401004062b4da1b1b4b9e435a3695b42129be18adc8ecb615c78a6f0880b669257089b41ed3be43f55d0af438de6fd0e35fdaeded4af57fb7eff421ed1780075a4712eef3ddb15c852ded15b1cb9dcdbe29bcb342d17cbdd833a83c7bf6725621a58ade5b90cb5327b476342b5c76ab0567b95ad2ab5481e236b886160240da4970c6989cb2598ac9d0d1c21c2e4d6f9222c9773dee0d0313b3e6770537e1e1665b16a77462b2cb6dd973c70e3e949ed1d9f577281bc9cbbb532b36e4bc091582b9f42c039b5a7d37fd777c45611e8a1f0af23cb5488c1f5f08767de92ae335b9953713466b310aa4e8717b1623626891d1cb4c8266c7ac750d6ad3960d270ae596c59a2528cd44adab845d6e78dfc4b615d03946cc378bdb81eb0edcf91513ad318242cd6f0482c716bc76d08e05472af6c4965184e50795b32c776e973d984c35dbed0a070e2323e0b9d7766c65bd6f0fc3a1d5d3f6bce3b5ab2bc7afecfec5b2efbc239dbad13b586476107710725c9b699d4f1347729bebba3c5079369444c10040100401004010040685fb1eb59e41b9a5df87adf253e965c36c7cfdca9ae871e9e6be59fa6e73492dee3e8e03c57a555a5ccf1dc461054860f410d587ca1b9958c6428b7c885bd1e1efd603653b7327e6acd2b08b74ae158252e6b2063358fa4fc796c1f3e6a0ba7c52c7815f516714b1d11d22edba6cee86373a261718da4923325a2a579cbb53746c92527cd9e974da2d3ca984a504db4ba7c8d9ff0082d9bf831fe10a3fe2affd4c9ff80d2ffd71fa0ff8359bf82cee58fe2aefd4ccff0003a6ff00ae3f4351fa2177666cb054e38b427f137bfe6658fc1a62b749185da31760ff00b5879316eafd4fea7f52293d32e8be86b5aee3bb98c73858e2c1ae3e88190254b0b750da5c6c825651d2071073359bdb45e9251ca39f1783cddb26acad752b4af8823e6a18adccdcb3068b3c5696bb238eedaa539b284a3ccf4501e4ac1932456d7370388edfd561c51ab8a3a9682c7f446be94d7739de3aa3c1abce768cb37b5e1b1e93b2ebe0d3a7e2dbfedfd8b0aa074420080200802008020080f8e6d450e47044f061acac1c7ad10963dcc39b5c5bf8491f25eba32e28a978ee7859c3824e0fa36be87874c1b995b1849be47881f2cced48585ceec153c49c9a38ac4e5182ccde09614b93db76592ebd0ef5ad0ea9f61a7e27fe9deb9f7768f4ad7abfd8bb0d2e3e2fa221f4e6cac8e66323686b7a218014cdefc78f6abbd9b64a553949e77fec8d6e4a32491b0e1414d8053b9616e725ee743ba4f988becd9f085e7351decbcdfb9ed749ff00af0fe95ec6da88b010114fccf156d723932f899e50d48ed259356c9683fe4bfbcb481f9a9b4eb36c57cd1897238ab4af4888324c68040d7de3131ed0e61e9016b80208e89f810735ced6b71aa4d6dffd2d529392c97bbfbc9dc6eabacaee8dd9ea3aa59c9de937c552a3b4e4b6b167e7d4cd9a68ff002edec51edf67b4d95dab688dc3713883f55e302bad5dd0b1660f273eca31f211da5aec8e3bb6adc825171e61c564d0ee373d97a28228fd88dad3c43454f7d5790ba7c764a5e2d9ebe987e1d718f8246e288942008020080200802008020397696d8e636e9238585c5c1b27546c70c493934543b12bd168ee8ad3a7378c6c798d7699ff00132c2ce77376e9d07f5ad2fa9f6187e27fe9dea1b7b47a56bd5fec6d0d16379fd116cb359591375636358ddcd14e6779ed5ce94e537993c96785456123d95835e7b140f280d22d2caff09bf1bd77bb31ff00c2fcdfb2296aa2e3259f03e4a56f138e743ba0f988becd9f085e7751decbcdfb9ed748ff00e087f4af636eaa22c64550648b7e678ab4b91c997367c4304069dcbab619bb751bf8a4603e1556b46b3747fde86b3e47220bd022064ef93a1ff33878c9fca7ae6f687732ff007a96f4fbc91dc1cbcfa2d4b635ad503246963dad730e6d70041e456f1938bca641228b7f793e8dd57595dd1bb3d4754b0f0766df1e4ba74ebe4b69acfcfa95a505d0addd3755a196c8209e3203a56e27105ad3acea38607069572dd447f06528be869550a76c57ccee4bcb9e9020080200802008020080f8e75334c189494776617cfb96ea1e2569ea3f49849ef5be0ace4df33c95b1a33e884ed58e232a96f99f269a38855c43476ede1bd23194de12c92375d4b2f639b69b5b5b35a1ae6d75431adc76f59c6be2bd1767d4eba9a7e3fd8e2eb2e8db3cc7c0fb215ba3908e87741f3117d9b3e10bceea3bd979bf73d9693b887f4af636d42583e8407e61be2fab50b44c05a6d0009a40009a5000123a800d6c02e9452c2d8ad2c6791accbeed84d05aad24fdb4bffb2dd472f091abc12515b667375659e67d736be491cdc32c1c68ba5a7aa10dfa952d937cb91902bc8aec96d0ab6b61b7c523812d697d40a5718dcddbc551d654ecae515feee4f55aab6a6cee561bc629c5637876f1911c5a710bce594cea7892c1d285b5dabf2bc99648b72d5488a74bfe534e55344a724d73359ce23119a952c9165a7946c417b16e0f151bc67fd5472d327f0972aed094769acfb92967b4b1e2ad20fe6388556709439a3a55dd0b1662ccab42508020080203e12861bc2c985f3ee5ba87895a7a8fd2612eaadf056726f767c59318c991b16f5af1122a9f53c5a6d11c4dd67b83476ede1b4acc6129bc4564da52854b2f62bb786939384229ef3be4dfd7b9742ad0f59bf439b76bdf2ad7ab215e5f21d67b893bce6aea518ac44e7ca529bcc995ed2599ac91a09c75461b7d272b9a6cb8b35e06f91b524a4ad947051c1d2ae6feef0fd933e10bccea3be9f9bf73d7697b88792f637142580101f962f48cbad33819f4d2ff0031cba9545c9248af3696ecd8b3d943476ef5d1ae9515b732a4ec6cf6e6d16ed34613c9e99291c166363898704c90d1d943ad2c197a5f039625627922b62d565cc35ec21cc241191068477289e24b0cab1961e513f75e99c8ca3671aedf68503871193bc151b74117bc36f62fd5ad92da7bfb96cb0de10da1b58dc1dbc64e1c41c42e74eb9d4ff32c1754e16adb73cda2c5ec9e47f55bc2df12bd9a7fd245cec20d08a156a2d3e4529c5ad99adae41a8241de3052e1358668a4e2f2b6246c77fb9b8483586f181eec8aad668d3de1b1d0a7b4a51dac59f9f527ecd686c8d0e69ab4f25cf9c1c1e2475abb636478a3c8cab52408020080c0e8148a654950b3b33e0842710542ea78b55aa389bacf706b7b76f01992b3084a6f1159332942b597b158bcb4babd581b4f7dd9f26febdcba15687acfe8736eed0e95af57fb104ee9243acf71277bbe4362bc9462b1147365294de64ccd1c4071de9935326b2c0291a476864d686f44e0f0d68692dc4021ce24572da15ed36d064abf247f36c4c96533594ce5e4e99737f7787ec99f085e6b51decbcdfb9eb34bdcc3c97b1b8a127154192832f92385cf7bc5a6405ef73cf5599b9c5d4e18ab75f683ad6145096954de5b3c9f24b08ced520e2d629576a4fa417dc8e5a382e72f6295a6570c7629db147219018c3c9700284b9e2941f57c57574774ae83949637c146e8c612c41e4afba0072c14ee94f911ab1ae67db9656c56963e43aac05d5272156903c4854e69c65b9bd8b8eb6a27416481c0104169c88c41e6164e7630789180e699329e0c1a8f610e63882322d2411dc8f0d619ba97527eead3691946cede91bed0a078e2327782a76e862f786dec5daf552e52dcb6d86f282d2dac6e6bc6d69cc7169c42a12ae753df627e28cd7898e7bb187225be23c5490be4b995e7445f2355b748ae2ea8dc053e6a57a9db6446b4fbf32cd678831a1a30002e64e4e526d9e82aad570514645a92040100406b5bad91c4dd791c1adde769dc06d3d816f084a6f115922b67182cc9e0a95e9a664d5b676d07b6fcf937f5ee5d1ab42b9d8fd0e55dda0ded5af56571cf92676b39c5cedae71af2fe8afc5460b0960e6ce5293cc9e59b90c0d6f69deb1934329777202bb7be97c1155b1f9d7fba7aa38bb6f2aad9264d0a252e7b14abdeff009ed183df467b0dc1bcc7adceab3c8b50aa31e44968d3488b2342f24768a34546f15047256697f94a5acef17916b90add1cc3a4dcc7e8f0fd933e10bcd6a3bd979bf73d5e9bb98792f636eaa22615406bc96979db87660a4508f815e77d8f6c98495b90b79392794696b6e70f6591b7fd3adff92ede81629f56453e6571aaf91b34aded25ae001273c05701893c0004f254f53f0327a79a34eedbd6580d62790368cda78b72e79ae7a93458b2a8cfe245baebd2f8df4130e8dded0c587e6de7876a963627cca366924be1dcb132404020820e44620f35295b18d8f12c41d9e7bd32653c1a4f6be321cd2411939a482398c967692c3248bf02c37569ac8ca3671d237da140f1cb27782a7668e2f786c4ead7d4badc76f8ad075a278706e246441d950711fd150be32ad61a2e6962a73cf813aa99d50802008020233492c1d3d9dec03ae06b37eb371039e239a9f4d67e1d8995f5557e2d4e3d7a1cba06eb1017799e6c97600d141800b435206f6d2e822a88fcebfdd3d51c5fb79556ca24d1a64f9ec532f6bf67b47a6fa33d86e0de636f3aadb0916615c63c8cb7168cdaad87ccc7e6f6c8feab07def5b80aa8e76c61ccdce8b70f93db341474ff004897de148c7067adf7abc02ab3be52e5b1a4a461d33a0998060046d000c29d672bfa2eedf99cfd47c5e869c8e568a291d2ae63f4787ec99f085e6efef65e6fdcf51a6ee61e4bd8dcaa889b22a83269bb3532293e67c430717d33935add683efeafe16b5bf25ded26d4c48e5cc896956b246c9df2787fe650f193f94f5435ddccbd3dc9aae65e74a3c9dd8ed557b1bfd9e738ebc406a93bdf1e4ee2287b571e16497ccb1c6d1ca348f42ad763ab9ece9211fe2c757340f7866ce7876ab319a91b29a644ddd79cb09ac6f206d6e6d3c5b973cd4b19346b3ae33e68b5dd9a5b1be8251d1bb78c5a7e6dfde2a553453b34d25bc772c01e1c2a285a4660d411c56e56c3445da59aa69b362d8953ca3a9f93cbb7a2b28791d798eb9fab9307763f797135d671d98f0d8ede8abe1af3e3b96854cb81004010040101c7f4dadedbbed4f68617178e918326eabc9ad4f6104502ef6967f8b5a7e1b3381a9d2b8daf1c9ee506f5bf27b47a6ea33d86e0de636f3aab2924235c63c8cf70e8bdaad8474319e8f6c8feab07def5b836aa3b2e8439b2448e95a3fe4e6cd051d3fd225f785231c19eb7deaf00a8d9a994b96dee6705b8e0280500c001b3b0050a3591f5966273c0239a46156df328da7cd0db4300fe137e37aeaf67b6eb79f1fd8a5aa8a5349781172b95c39a74eb97fbbc3f64cf842f3b7f7b2f37ee7a6d3f751f25ec6e28894040711bc3ca9db992c8c11d9b55b23da2ac92b46bc815f399e0ad282c1a3aa27887ca9dbdc6823b37e097ff00aa961429bc23494231596435aad4e9647c8fa6bbdc5e6980ab8d4d06e5d98478528ae85467969521ab27bc9d7fd4e1e327f29ea86b9ffc32f4f727a566491db2588ecc570e3244d283e868ca54f12b48a5e91e82d96d35735bd0cc71d68c0a13ef3323c450f6a9a2c46e944e697f6895aacb52e66bc43fc48ea453de19b79e1daa42c42d8c88cbbef2961358df41b466d3c47cd6ea4d199d7197345c346edffdbed10d9cb0b6473a84b711aa06b3ddbdb46839f7accef508393218691b9a4b91fa0636068000a0000006c03001705bcee7752c1e9600401004010040523ca7e893edf1c4e87544d1bc825c683a378eb5680e4434f7abba3d42a9b52e4fdcabaaaf8a39f023347bc9bd960a3a7fa44bef0a460f633d6fbd5e014f66aa72d96cbee50c22e406400c06000d9c02ae64f6d809cf05ab9a36fc37d44ae646359c435a36b8d3c51714de107c31596572f1d2a0308454fb4ec0726e679d15caf49d6655b354bf94a3dff6a7c920748e2e76a8c4eea9c86c0baba784631c44a1649ca596257294a88ea1721fa343f64cf802f3d7f7b2f37ee7a2a3ba8f92f637aaa125c805064fcb57b026d33019f4f2ff0031caec22de1224934b7666b3c7a830cf6ae8d70e05b14e72e266d326deac466ba90b89b2d2a4c9ab33dc7687c7696be3716bc17508cc754a82d8a9269f233971594750ba34e88a36d2da8f6d831fbccfd3b972edd0ae707e8490d43fe62d966b543686eb46e6bdbbc1c47611983d8553719d6f0f627fcb346b5a6c47d535ec2a685aba95e74be845ced230208e2ad45a7c8ab24d732a37ee87d9ad157347452fb4c0284fbccc8f2a1ed5270e4921a8943e6895f247a18fb2cb35a26d5775445116d7104d64750e59307e25ced6cb1881d8d1c94e3c68ea2a817420080200802008020359d10dca5526539571cf2314f33236973dcd6346d2400b314e4f0b7349351597b156bd74c9a2ad81bac7db7540e4dccf3a2bd568df39946dd5ae502b168b44b31d691c5c779c8700301c95f8c230588a28ca6e4f3267a646076a64d4afe92dac36468a54ea8f89cad53f09955f16e6392627352a2b2583aedc27e8d07d8c7f005e72fef65e6fdceed3ddc7c91bf5511264fa101f9a6df0eacf39da6693f98ec176a9ad4629f522b27c4cc2a523080fad7919159526b9069337ae19eb686efeb7c2568eccb68d6c862192d8f602b0544cf1149242ed78dee6b86d69a1e7bc76234a4b0d1bc658e459ee9d3a228db4b6befb063f799b79772a7668d738166377ea2d766b6c53b75a3735edecc69c4660f1559c6507bec6eda923c3ac8cafa22bfbd8b7564b1cc89d71cf22c7668b51a1bb87fbae6ce5c526cee550e08289956a481004010040100401015cd30be64b2b5858c075c91acec9a40a81abb4915dbb15cd2531b5bcbe473f5b6caac34b99ceedb6e92676b48f2f76cae4380180e4baf08460b115838f39ca4f3266586cf4c5d9ee596c8cce4ac03c4b3068ab880379594b20a6e915adb24c0b6b40d031c3d627e6acd69a44d0f84d82e529530763d1f3f4583ec63f802f3b7f7b2f37ee75eaeee3e48dfaa8890fa0a0c9f9baf53e7e6fb593e372ee43e15e444f99aab630100407bbaad0193b5c7205d976b48f9a817c66d62cd65d20b435e2ad7023f798d8a42834d73325560c18a6841cb359365235e0b43e276b31ce63c6d69a72ed1d8b0d26b0c951d0b406fa96d529648d0446dd62f18635a3416e55389c29e895cfd64235c36ea5bd245cecdfa6e7405ca3b01004010040100401004045693dddfda2cd2300abc0d66fd66e2073c47353e9ecfc3b132bea6afc4a9aebd0e55616d4d772eeb3ce364959e0748ed5634b9c76015fd85a4a4a2b326663094de22b2cd6d2c8e6b17461cd6eb481c4635d5d52010779c46d58a2c85d9c7426b74d3ab1c5d4a7cf6873cd5ce24f6fc86c56d6dc88b068db410e15c30af895ba24af7448eb2dcaf83b3e8f7f75b3fd8c7f005e7efef65e6fdce955f02f244828890356183f37dea7cfcdf6b27c6e5db87c2bc88df33556c60550c9f2a80c700abf0cea7f22a18fc66f3da06ec72169a8241ecc14c57c64b5688326b6ca60686eb88dcfd63860da0a1a0cc970505d6c6a8f13330d33b1e2248dbec12c0ed5958e63bb723da0e4792da16466b317920b2b956f1258232daddbc96c21e0756f26d75f43640f23af31e90fd5ca31c298fde5c6d6d9c5663c363b7a3af86bcf8ee5ad532d840100401004010040100405563d0c674b239cea44e797358dc0f5b1209d82b5cb62bdfc6b50492dfc4e6ffe3a2ec726f6f02c763b1c71375636868ecdbc4e679aa939ca6f3265faeb8d6b115829be56ac1d259a390671cb89f75ed20f8862bdd992c58e3e28a3da6b1529783f7398c3135b967bcaee1c0726c8bbecf5c7d51f99592d69fe1f532c12d5a0fef05b1a4a386757bb7496c7059a06cb6989af10c756eb82e07506058dab8772e1dd093b2585d597abf817911f6df29f6167a1d2ca7dd66a8ef791f92d553237202dbe566435e86ccc6ee323dcff00f4b437f35bad3aeac1cfa798bdce79cdce2e34caae249a77ae8c5611a98d640aa03e134586f0b212c9f2ec3e75bcff0022a1a9fe746d7f76c9a9236bb30aeb4994549ae4746f22776eabad336ca32369e24b9e3c18b91da6f1c31f53aba0fcd991d3ed56564ad2c91ad7b0e61c010b971938bca65f94549624b253af7f2791bc8e85e58c2e1acc754f56a35b55d9834ae75e4af57af925892c9427d9f1e2cc1e3e45d6360680d028d000006c0300173dbc9d14b07a4010040100401004010040100401010fa5f64e96c73b2953a85c38b28f1e2d563493e0ba2fe7efb15b590e3a24be5edb9c4415e98f2a43df3e98faa3f32b52ee9fe1f535ecd3ea9c723fbaaca64b38711b92c4d78c403b8ff5494232e64319ca2f623a7bbdc3d1eb0f1feaab4e86b96e5985e9f334ce1c5404e7baab2b91a0aac81543260964ae03255e73cec89231c6e64bb4f9c6f3fc8a53f1a35bfbb64e555f39c76cf25763e8ec0d753195ef93c750783077af3fda13e2b9af0d8ee6861c34a7e3b96f544b810040100401004010040100401004010040797b41041c88a77a2780d64fcff6d83a291f19cd8f733f0b8b7e4bd5c25c5152f147909c3864e3e0da25ae7b8e0b5427a56f583c80f6e0e1d56edda33c0d428ac938bd8cc2c947910b7c6845a22aba2f3d1fbb83c7166de5dc91ba2f9ec5b85d17cf62b91cce61a6e3420efe1b0a9932494148db8ad20f61dcb64d10ca0d09a26bbd21cf6ac4a119733119ca3c88870a150722eadd1e1f200b594d236516cc124b5e0a094db2550c12160b92593123519bdd9f26e67c166354a44366a610db9b2685d31c2c240abf0eb1cf3190c82b30ae3128cb513b1e1f2358953183f485c763e86cf0c5ec46c69e21a01f1aaf2d6cf8e6e5e2cf495c7860a3e08de519b840100401004010040100401004010040100405274a3409b687be685fa9338eb16bb1638efa8c5a7bf82e8e9b5eeb4a13595f739ba9ecf5637383c37f439fdb2c76bb0bfaed7c4761cd8ee07d1770cd75a165772fcaf271ada2753c4d63d89aba74b5b809dbaa7db6e239b731caaa3b287fca464d5bee0b1db9bace6b5c48c258c80efc433e06aaa7e24eb78fb13426e3c8a15ffe4f2d3055d0f9f8b3ea8a48076b3d6fbbdc159af55196cf62cc6d4caa326734d0ec3420e041198ec2ad2919956991734e6a760a954a7636f62e46b58242efb86697123519bdd99e0dccf82c46b9323b351087cd963b15cf0c38d359c3d67d30e1b02b11ad44a165f3b36e82d3793460dc4efd9fd54d82250f130d8ac968b5bf52263a47ee68c076939347695acec856b327826aea949e20b2745d19f25faa5b25b1f57021c228f2a8351acf39f014e2572efed1cae1ad7ab3a74e831bcdfa1d31728e9040100401004010040100401004010040100401004063b440d91a5af68730e05ae0083c41598c9c5e5189454961a28f7f793889f57595dd13bd8754b0f039b7c4762e953da528ed66ff003ea732fecc8cb7af6f974ff051ad166b65df27583e2757318b1fcfd1770cd74e33aaf5b6fee726da6ca9e26b1ec59ae6d3a69a36d2dd53edb2a5bcdb98e55e4aadba37ce0fd0d54bc497bd747ac578335dcd6b89184b1101df88674dceaaad1b2ca9e3eccb109b39ac171416773a8359cd711aefa57024546c6ae8420b998b2e9cf6e862b5decd1833ac77ecfeaa6512350352c765b45adfa9131f2bf73460ded27268ed2939c2b5993c135754a4f11593a1e8ef92b028fb6bebfe546481f7a4ccf014e2572eeed2e95af57fb1d1ab40b9d8fd0e8d77d822818238636c6c1b1a001c4ef3dab9939ca6f32793a118c62b1146cad4d820080200802008020080200802008020080200802008020080c768819234b1ed0e61c0b5c0107882b31938bca3128a92c3451efef27113eaeb2bba27fb0ea961e0736f88ec5d2a7b4651dac59f9f53997f66c65bd6f1f2e9fe0a34f67b6ddf2621f1389cc62c7f3f45dc0e3c174a33aaf8edbfb9cab2ab297f9963d8858a0b55b652d8d8f95e493468eab6a4e276347692b694e1547327844d5d729bc451d03473c958147db5f5dbd146481c1d26678369c5736eed27cab5eace8d5a05cec7e8746b05822818238636c6c1b1a001c7b4f6ae64e729bcc9e4e846318ac451b2b53608020080200802008020080200802008020080200802008020080200802031da20648d2d7b5ae61c0b5c0107882b31938bca3128a92c331d86c3142cd48636c6c1b1a001c70ccf6acce729bcc9e4c46318ac4560d85a9b04010040100401004010040100401004010040100401004010040100401004010040100401004010040100401004010040100401004010040100401004010040100401004010040100401004010040100401004010040100407fffd9);
INSERT INTO `output_images` (`imageId`, `imageType`, `imageData`) VALUES
(3, 'image/jpeg', 0xffd8ffe000104a46494600010100000100010000ffdb00840009060712121215131213151510171518151917151815161a17171515161615151916181d2820181a251d151521312125292b2e2e2e171f3338352c37282d2e2b010a0a0a0e0d0e1b10101b2b2520252d2d2d2d2d2d2d2d2d2b2d2d2d2d2d2d2d2d2d2d2d2d2d2d2d2d2d2d2d2d2d2d2d2d2d2d2d2d2d2d2d2d2d2d2d2d2d2d2d2dffc000110800e100e103011100021101031101ffc4001c0001000203010101000000000000000000000506030407020108ffc40048100001030104060508080306070100000001000203110405213106124151718113226191a1072332425262b2c12472738292b1d1f053b3e114344363a2f115253544c2d2d333ffc4001a010100020301000000000000000000000000030401020506ffc400361100020201020306040406020300000000000102031104211231410533517181b1326191a1132252d1144272c1e1f023531534f1ffda000c03010002110311003f00ee28020080200802008020080200802008020080200802008020080200802008020080200802008020080200802008020080200802008020080200802008020080200802008020080200802008020080200802008020080200802022a3bcc824385454e233cfc55b7426b313971d74a326a6b2bee4841686bc55a6bf9f72ad284a3cce857742c598b32ad4902008020080200802008020080200802008020080200802008020080203e550c64d3bc6f58a01d7775b63462e3cbe654f4e9ecb7e15ebd0ada9d6d3a75f9defe1d4aade5a4f2c9847e6dbbf371e7b3977aead3d9f5c379eefec79ed576c5d66d5fe55f7ff001e9f52bf63bfa58cd1c7a4657d638f277eb557ecd2573595b3ff007a15a174973dcb0582f78e4a6a38b5fb8e0796fe4a85ba69c3e25945985c9bcc5e193766be1cdc1e3586f181fd0aa33d327bc763a54f68ca3b59bfcfa92d67b531e2ad20f66d1c42a93ae50e68ea557c2d5983332d094200802008020080200802008020080200802008020080f8e7019aca5935949477678e9372cf091fe2e791a56fbd6287ff00d1dd6f6462e3cbf55355a7b2df857af42b5facaa8dec7bf8752b179693cb2611f9b6ef18b8f3d9cbbd7529ecfae1bcf77f6385a9ed8b6cdabfcabeff005e9e9f529d795ff1464e3d249b434d71f79dfee57412f02955a5b2c797b7cd959b75f33ce7545434e018cae3d84e6e59c1d1af4d5d4b3f7643592f29a0710d26809ab1d88cf76ce4a9c6e9d72d8bb3a2bb565fd5163bbf48a29307f9b7f6fa2783b673572bd4c65cf639b6e8a70de3bafb969b15f5232809d76769c793bfdd2cd3427bad995e36344e58ef563c82c716bf71c0f23b792a565128fc4b2896366f98bc3272c97fb9b8483586f181fd0f82a3668e32de1b1d2a7b5251dac595e3d49cb25b2394558e07b368e2151b2a9d6f1247629d4576acc1e4d851930401004010040100401004010040100401018e69dac15710076fef15b460e4f091a596c2b5993c11f2deb5c1830de7f45623a7c7c473aced0ced5af5669da6f48e2c64775b70c5c796c53434f3b3682dbec53b355186f63dfee415bf49657e11f9b6f662e3cf672ef57ead0571de5bbfb1cfbbb4ed96d0fcabeffe3fddca95e17f451d71e924da1a6b8fbcefd9577056af4b659bbdbe6ffddcad5e17d4d3615d561f55b5c7b09ccadb0742ad3575efcdf8b362edd1c7be864ea3777ac796ce7dc9934bb5918ed1ddfd8b3586c11c23a8da1da7327895ab39b65b3b3e2673eb63017bebedbbe22b4714f99dfadb5158f0469c9653eae3d8a2951fa4995be265b0de72c3834f57d97623bb6725a42c9d7b235b28aedddaf52c760d218a4c1fe6ddda7abc9db39ab90d4c65b3d8e75ba29c378ee8b2d9af57b70275dbdb9f22b6951196eb62aa6c94b2de4d71058e2d7f1a1e476aad3a5ada4b28ca938bcc5e1960b0e93bdb84a35dbed0c1c39647c150b741196f078f63a9a7ed69c76b56578f5ff2592c56f8e6158dc0ef1911c4661736ca675bc491dba7515dcb3079f7365444c100401004010040100401004062b4da1b1b4b9e435a3695b42129be18adc8ecb615c78a6f0880b669257089b41ed3be43f55d0af438de6fd0e35fdaeded4af57fb7eff421ed1780075a4712eef3ddb15c852ded15b1cb9dcdbe29bcb342d17cbdd833a83c7bf6725621a58ade5b90cb5327b476342b5c76ab0567b95ad2ab5481e236b886160240da4970c6989cb2598ac9d0d1c21c2e4d6f9222c9773dee0d0313b3e6770537e1e1665b16a77462b2cb6dd973c70e3e949ed1d9f577281bc9cbbb532b36e4bc091582b9f42c039b5a7d37fd777c45611e8a1f0af23cb5488c1f5f08767de92ae335b9953713466b310aa4e8717b1623626891d1cb4c8266c7ac750d6ad3960d270ae596c59a2528cd44adab845d6e78dfc4b615d03946cc378bdb81eb0edcf91513ad318242cd6f0482c716bc76d08e05472af6c4965184e50795b32c776e973d984c35dbed0a070e2323e0b9d7766c65bd6f0fc3a1d5d3f6bce3b5ab2bc7afecfec5b2efbc239dbad13b586476107710725c9b699d4f1347729bebba3c5079369444c10040100401004010040685fb1eb59e41b9a5df87adf253e965c36c7cfdca9ae871e9e6be59fa6e73492dee3e8e03c57a555a5ccf1dc461054860f410d587ca1b9958c6428b7c885bd1e1efd603653b7327e6acd2b08b74ae158252e6b2063358fa4fc796c1f3e6a0ba7c52c7815f516714b1d11d22edba6cee86373a261718da4923325a2a579cbb53746c92527cd9e974da2d3ca984a504db4ba7c8d9ff0082d9bf831fe10a3fe2affd4c9ff80d2ffd71fa0ff8359bf82cee58fe2aefd4ccff0003a6ff00ae3f4351fa2177666cb054e38b427f137bfe6658fc1a62b749185da31760ff00b5879316eafd4fea7f52293d32e8be86b5aee3bb98c73858e2c1ae3e88190254b0b750da5c6c825651d2071073359bdb45e9251ca39f1783cddb26acad752b4af8823e6a18adccdcb3068b3c5696bb238eedaa539b284a3ccf4501e4ac1932456d7370388edfd561c51ab8a3a9682c7f446be94d7739de3aa3c1abce768cb37b5e1b1e93b2ebe0d3a7e2dbfedfd8b0aa074420080200802008020080f8e6d450e47044f061acac1c7ad10963dcc39b5c5bf8491f25eba32e28a978ee7859c3824e0fa36be87874c1b995b1849be47881f2cced48585ceec153c49c9a38ac4e5182ccde09614b93db76592ebd0ef5ad0ea9f61a7e27fe9deb9f7768f4ad7abfd8bb0d2e3e2fa221f4e6cac8e66323686b7a218014cdefc78f6abbd9b64a553949e77fec8d6e4a32491b0e1414d8053b9616e725ee743ba4f988becd9f085e7351decbcdfb9ed749ff00af0fe95ec6da88b010114fccf156d723932f899e50d48ed259356c9683fe4bfbcb481f9a9b4eb36c57cd1897238ab4af4888324c68040d7de3131ed0e61e9016b80208e89f810735ced6b71aa4d6dffd2d529392c97bbfbc9dc6eabacaee8dd9ea3aa59c9de937c552a3b4e4b6b167e7d4cd9a68ff002edec51edf67b4d95dab688dc3713883f55e302bad5dd0b1660f273eca31f211da5aec8e3bb6adc825171e61c564d0ee373d97a28228fd88dad3c43454f7d5790ba7c764a5e2d9ebe987e1d718f8246e288942008020080200802008020397696d8e636e9238585c5c1b27546c70c493934543b12bd168ee8ad3a7378c6c798d7699ff00132c2ce77376e9d07f5ad2fa9f6187e27fe9dea1b7b47a56bd5fec6d0d16379fd116cb359591375636358ddcd14e6779ed5ce94e537993c96785456123d95835e7b140f280d22d2caff09bf1bd77bb31ff00c2fcdfb2296aa2e3259f03e4a56f138e743ba0f988becd9f085e7751decbcdfb9ed748ff00e087f4af636eaa22c64550648b7e678ab4b91c997367c4304069dcbab619bb751bf8a4603e1556b46b3747fde86b3e47220bd022064ef93a1ff33878c9fca7ae6f687732ff007a96f4fbc91dc1cbcfa2d4b635ad503246963dad730e6d70041e456f1938bca641228b7f793e8dd57595dd1bb3d4754b0f0766df1e4ba74ebe4b69acfcfa95a505d0addd3755a196c8209e3203a56e27105ad3acea38607069572dd447f06528be869550a76c57ccee4bcb9e9020080200802008020080f8e75334c189494776617cfb96ea1e2569ea3f49849ef5be0ace4df33c95b1a33e884ed58e232a96f99f269a38855c43476ede1bd23194de12c92375d4b2f639b69b5b5b35a1ae6d75431adc76f59c6be2bd1767d4eba9a7e3fd8e2eb2e8db3cc7c0fb215ba3908e87741f3117d9b3e10bceea3bd979bf73d9693b887f4af636d42583e8407e61be2fab50b44c05a6d0009a40009a5000123a800d6c02e9452c2d8ad2c6791accbeed84d05aad24fdb4bffb2dd472f091abc12515b667375659e67d736be491cdc32c1c68ba5a7aa10dfa952d937cb91902bc8aec96d0ab6b61b7c523812d697d40a5718dcddbc551d654ecae515feee4f55aab6a6cee561bc629c5637876f1911c5a710bce594cea7892c1d285b5dabf2bc99648b72d5488a74bfe534e55344a724d73359ce23119a952c9165a7946c417b16e0f151bc67fd5472d327f0972aed094769acfb92967b4b1e2ad20fe6388556709439a3a55dd0b1662ccab42508020080203e12861bc2c985f3ee5ba87895a7a8fd2612eaadf056726f767c59318c991b16f5af1122a9f53c5a6d11c4dd67b83476ede1b4acc6129bc4564da52854b2f62bb786939384229ef3be4dfd7b9742ad0f59bf439b76bdf2ad7ab215e5f21d67b893bce6aea518ac44e7ca529bcc995ed2599ac91a09c75461b7d272b9a6cb8b35e06f91b524a4ad947051c1d2ae6feef0fd933e10bccea3be9f9bf73d7697b88792f637142580101f962f48cbad33819f4d2ff0031cba9545c9248af3696ecd8b3d943476ef5d1ae9515b732a4ec6cf6e6d16ed34613c9e99291c166363898704c90d1d943ad2c197a5f039625627922b62d565cc35ec21cc241191068477289e24b0cab1961e513f75e99c8ca3671aedf68503871193bc151b74117bc36f62fd5ad92da7bfb96cb0de10da1b58dc1dbc64e1c41c42e74eb9d4ff32c1754e16adb73cda2c5ec9e47f55bc2df12bd9a7fd245cec20d08a156a2d3e4529c5ad99adae41a8241de3052e1358668a4e2f2b6246c77fb9b8483586f181eec8aad668d3de1b1d0a7b4a51dac59f9f527ecd686c8d0e69ab4f25cf9c1c1e2475abb636478a3c8cab52408020080c0e8148a654950b3b33e0842710542ea78b55aa389bacf706b7b76f01992b3084a6f1159332942b597b158bcb4babd581b4f7dd9f26febdcba15687acfe8736eed0e95af57fb104ee9243acf71277bbe4362bc9462b1147365294de64ccd1c4071de9935326b2c0291a476864d686f44e0f0d68692dc4021ce24572da15ed36d064abf247f36c4c96533594ce5e4e99737f7787ec99f085e6b51decbcdfb9eb34bdcc3c97b1b8a127154192832f92385cf7bc5a6405ef73cf5599b9c5d4e18ab75f683ad6145096954de5b3c9f24b08ced520e2d629576a4fa417dc8e5a382e72f6295a6570c7629db147219018c3c9700284b9e2941f57c57574774ae83949637c146e8c612c41e4afba0072c14ee94f911ab1ae67db9656c56963e43aac05d5272156903c4854e69c65b9bd8b8eb6a27416481c0104169c88c41e6164e7630789180e699329e0c1a8f610e63882322d2411dc8f0d619ba97527eead3691946cede91bed0a078e2327782a76e862f786dec5daf552e52dcb6d86f282d2dac6e6bc6d69cc7169c42a12ae753df627e28cd7898e7bb187225be23c5490be4b995e7445f2355b748ae2ea8dc053e6a57a9db6446b4fbf32cd678831a1a30002e64e4e526d9e82aad570514645a92040100406b5bad91c4dd791c1adde769dc06d3d816f084a6f115922b67182cc9e0a95e9a664d5b676d07b6fcf937f5ee5d1ab42b9d8fd0e55dda0ded5af56571cf92676b39c5cedae71af2fe8afc5460b0960e6ce5293cc9e59b90c0d6f69deb1934329777202bb7be97c1155b1f9d7fba7aa38bb6f2aad9264d0a252e7b14abdeff009ed183df467b0dc1bcc7adceab3c8b50aa31e44968d3488b2342f24768a34546f15047256697f94a5acef17916b90add1cc3a4dcc7e8f0fd933e10bcd6a3bd979bf73d5e9bb98792f636eaa22615406bc96979db87660a4508f815e77d8f6c98495b90b79392794696b6e70f6591b7fd3adff92ede81629f56453e6571aaf91b34aded25ae001273c05701893c0004f254f53f0327a79a34eedbd6580d62790368cda78b72e79ae7a93458b2a8cfe245baebd2f8df4130e8dded0c587e6de7876a963627cca366924be1dcb132404020820e44620f35295b18d8f12c41d9e7bd32653c1a4f6be321cd2411939a482398c967692c3248bf02c37569ac8ca3671d237da140f1cb27782a7668e2f786c4ead7d4badc76f8ad075a278706e246441d950711fd150be32ad61a2e6962a73cf813aa99d50802008020233492c1d3d9dec03ae06b37eb371039e239a9f4d67e1d8995f5557e2d4e3d7a1cba06eb1017799e6c97600d141800b435206f6d2e822a88fcebfdd3d51c5fb79556ca24d1a64f9ec532f6bf67b47a6fa33d86e0de636f3aadb0916615c63c8cb7168cdaad87ccc7e6f6c8feab07def5b80aa8e76c61ccdce8b70f93db341474ff004897de148c7067adf7abc02ab3be52e5b1a4a461d33a0998060046d000c29d672bfa2eedf99cfd47c5e869c8e568a291d2ae63f4787ec99f085e6efef65e6fdcf51a6ee61e4bd8dcaa889b22a83269bb3532293e67c430717d33935add683efeafe16b5bf25ded26d4c48e5cc896956b246c9df2787fe650f193f94f5435ddccbd3dc9aae65e74a3c9dd8ed557b1bfd9e738ebc406a93bdf1e4ee2287b571e16497ccb1c6d1ca348f42ad763ab9ece9211fe2c757340f7866ce7876ab319a91b29a644ddd79cb09ac6f206d6e6d3c5b973cd4b19346b3ae33e68b5dd9a5b1be8251d1bb78c5a7e6dfde2a553453b34d25bc772c01e1c2a285a4660d411c56e56c3445da59aa69b362d8953ca3a9f93cbb7a2b28791d798eb9fab9307763f797135d671d98f0d8ede8abe1af3e3b96854cb81004010040101c7f4dadedbbed4f68617178e918326eabc9ad4f6104502ef6967f8b5a7e1b3381a9d2b8daf1c9ee506f5bf27b47a6ea33d86e0de636f3aab2924235c63c8cf70e8bdaad8474319e8f6c8feab07def5b836aa3b2e8439b2448e95a3fe4e6cd051d3fd225f785231c19eb7deaf00a8d9a994b96dee6705b8e0280500c001b3b0050a3591f5966273c0239a46156df328da7cd0db4300fe137e37aeaf67b6eb79f1fd8a5aa8a5349781172b95c39a74eb97fbbc3f64cf842f3b7f7b2f37ee7a6d3f751f25ec6e28894040711bc3ca9db992c8c11d9b55b23da2ac92b46bc815f399e0ad282c1a3aa27887ca9dbdc6823b37e097ff00aa961429bc23494231596435aad4e9647c8fa6bbdc5e6980ab8d4d06e5d98478528ae85467969521ab27bc9d7fd4e1e327f29ea86b9ffc32f4f727a566491db2588ecc570e3244d283e868ca54f12b48a5e91e82d96d35735bd0cc71d68c0a13ef3323c450f6a9a2c46e944e697f6895aacb52e66bc43fc48ea453de19b79e1daa42c42d8c88cbbef2961358df41b466d3c47cd6ea4d199d7197345c346edffdbed10d9cb0b6473a84b711aa06b3ddbdb46839f7accef508393218691b9a4b91fa0636068000a0000006c03001705bcee7752c1e9600401004010040523ca7e893edf1c4e87544d1bc825c683a378eb5680e4434f7abba3d42a9b52e4fdcabaaaf8a39f023347bc9bd960a3a7fa44bef0a460f633d6fbd5e014f66aa72d96cbee50c22e406400c06000d9c02ae64f6d809cf05ab9a36fc37d44ae646359c435a36b8d3c51714de107c31596572f1d2a0308454fb4ec0726e679d15caf49d6655b354bf94a3dff6a7c920748e2e76a8c4eea9c86c0baba784631c44a1649ca596257294a88ea1721fa343f64cf802f3d7f7b2f37ee7a2a3ba8f92f637aaa125c805064fcb57b026d33019f4f2ff0031caec22de1224934b7666b3c7a830cf6ae8d70e05b14e72e266d326deac466ba90b89b2d2a4c9ab33dc7687c7696be3716bc17508cc754a82d8a9269f233971594750ba34e88a36d2da8f6d831fbccfd3b972edd0ae707e8490d43fe62d966b543686eb46e6bdbbc1c47611983d8553719d6f0f627fcb346b5a6c47d535ec2a685aba95e74be845ced230208e2ad45a7c8ab24d732a37ee87d9ad157347452fb4c0284fbccc8f2a1ed5270e4921a8943e6895f247a18fb2cb35a26d5775445116d7104d64750e59307e25ced6cb1881d8d1c94e3c68ea2a817420080200802008020359d10dca5526539571cf2314f33236973dcd6346d2400b314e4f0b7349351597b156bd74c9a2ad81bac7db7540e4dccf3a2bd568df39946dd5ae502b168b44b31d691c5c779c8700301c95f8c230588a28ca6e4f3267a646076a64d4afe92dac36468a54ea8f89cad53f09955f16e6392627352a2b2583aedc27e8d07d8c7f005e72fef65e6fdceed3ddc7c91bf5511264fa101f9a6df0eacf39da6693f98ec176a9ad4629f522b27c4cc2a523080fad7919159526b9069337ae19eb686efeb7c2568eccb68d6c862192d8f602b0544cf1149242ed78dee6b86d69a1e7bc76234a4b0d1bc658e459ee9d3a228db4b6befb063f799b79772a7668d738166377ea2d766b6c53b75a3735edecc69c4660f1559c6507bec6eda923c3ac8cafa22bfbd8b7564b1cc89d71cf22c7668b51a1bb87fbae6ce5c526cee550e08289956a481004010040100401015cd30be64b2b5858c075c91acec9a40a81abb4915dbb15cd2531b5bcbe473f5b6caac34b99ceedb6e92676b48f2f76cae4380180e4baf08460b115838f39ca4f3266586cf4c5d9ee596c8cce4ac03c4b3068ab880379594b20a6e915adb24c0b6b40d031c3d627e6acd69a44d0f84d82e529530763d1f3f4583ec63f802f3b7f7b2f37ee75eaeee3e48dfaa8890fa0a0c9f9baf53e7e6fb593e372ee43e15e444f99aab630100407bbaad0193b5c7205d976b48f9a817c66d62cd65d20b435e2ad7023f798d8a42834d73325560c18a6841cb359365235e0b43e276b31ce63c6d69a72ed1d8b0d26b0c951d0b406fa96d529648d0446dd62f18635a3416e55389c29e895cfd64235c36ea5bd245cecdfa6e7405ca3b01004010040100401004045693dddfda2cd2300abc0d66fd66e2073c47353e9ecfc3b132bea6afc4a9aebd0e55616d4d772eeb3ce364959e0748ed5634b9c76015fd85a4a4a2b326663094de22b2cd6d2c8e6b17461cd6eb481c4635d5d52010779c46d58a2c85d9c7426b74d3ab1c5d4a7cf6873cd5ce24f6fc86c56d6dc88b068db410e15c30af895ba24af7448eb2dcaf83b3e8f7f75b3fd8c7f005e7efef65e6fdce955f02f244828890356183f37dea7cfcdf6b27c6e5db87c2bc88df33556c60550c9f2a80c700abf0cea7f22a18fc66f3da06ec72169a8241ecc14c57c64b5688326b6ca60686eb88dcfd63860da0a1a0cc970505d6c6a8f13330d33b1e2248dbec12c0ed5958e63bb723da0e4792da16466b317920b2b956f1258232daddbc96c21e0756f26d75f43640f23af31e90fd5ca31c298fde5c6d6d9c5663c363b7a3af86bcf8ee5ad532d840100401004010040100405563d0c674b239cea44e797358dc0f5b1209d82b5cb62bdfc6b50492dfc4e6ffe3a2ec726f6f02c763b1c71375636868ecdbc4e679aa939ca6f3265faeb8d6b115829be56ac1d259a390671cb89f75ed20f8862bdd992c58e3e28a3da6b1529783f7398c3135b967bcaee1c0726c8bbecf5c7d51f99592d69fe1f532c12d5a0fef05b1a4a386757bb7496c7059a06cb6989af10c756eb82e07506058dab8772e1dd093b2585d597abf817911f6df29f6167a1d2ca7dd66a8ef791f92d553237202dbe566435e86ccc6ee323dcff00f4b437f35bad3aeac1cfa798bdce79cdce2e34caae249a77ae8c5611a98d640aa03e134586f0b212c9f2ec3e75bcff0022a1a9fe746d7f76c9a9236bb30aeb4994549ae4746f22776eabad336ca32369e24b9e3c18b91da6f1c31f53aba0fcd991d3ed56564ad2c91ad7b0e61c010b971938bca65f94549624b253af7f2791bc8e85e58c2e1acc754f56a35b55d9834ae75e4af57af925892c9427d9f1e2cc1e3e45d6360680d028d000006c0300173dbc9d14b07a4010040100401004010040100401010fa5f64e96c73b2953a85c38b28f1e2d563493e0ba2fe7efb15b590e3a24be5edb9c4415e98f2a43df3e98faa3f32b52ee9fe1f535ecd3ea9c723fbaaca64b38711b92c4d78c403b8ff5494232e64319ca2f623a7bbdc3d1eb0f1feaab4e86b96e5985e9f334ce1c5404e7baab2b91a0aac81543260964ae03255e73cec89231c6e64bb4f9c6f3fc8a53f1a35bfbb64e555f39c76cf25763e8ec0d753195ef93c750783077af3fda13e2b9af0d8ee6861c34a7e3b96f544b810040100401004010040100401004010040797b41041c88a77a2780d64fcff6d83a291f19cd8f733f0b8b7e4bd5c25c5152f147909c3864e3e0da25ae7b8e0b5427a56f583c80f6e0e1d56edda33c0d428ac938bd8cc2c947910b7c6845a22aba2f3d1fbb83c7166de5dc91ba2f9ec5b85d17cf62b91cce61a6e3420efe1b0a9932494148db8ad20f61dcb64d10ca0d09a26bbd21cf6ac4a119733119ca3c88870a150722eadd1e1f200b594d236516cc124b5e0a094db2550c12160b92593123519bdd9f26e67c166354a44366a610db9b2685d31c2c240abf0eb1cf3190c82b30ae3128cb513b1e1f2358953183f485c763e86cf0c5ec46c69e21a01f1aaf2d6cf8e6e5e2cf495c7860a3e08de519b840100401004010040100401004010040100405274a3409b687be685fa9338eb16bb1638efa8c5a7bf82e8e9b5eeb4a13595f739ba9ecf5637383c37f439fdb2c76bb0bfaed7c4761cd8ee07d1770cd75a165772fcaf271ada2753c4d63d89aba74b5b809dbaa7db6e239b731caaa3b287fca464d5bee0b1db9bace6b5c48c258c80efc433e06aaa7e24eb78fb13426e3c8a15ffe4f2d3055d0f9f8b3ea8a48076b3d6fbbdc159af55196cf62cc6d4caa326734d0ec3420e041198ec2ad2919956991734e6a760a954a7636f62e46b58242efb86697123519bdd99e0dccf82c46b9323b351087cd963b15cf0c38d359c3d67d30e1b02b11ad44a165f3b36e82d3793460dc4efd9fd54d82250f130d8ac968b5bf52263a47ee68c076939347695acec856b327826aea949e20b2745d19f25faa5b25b1f57021c228f2a8351acf39f014e2572efed1cae1ad7ab3a74e831bcdfa1d31728e9040100401004010040100401004010040100401004063b440d91a5af68730e05ae0083c41598c9c5e5189454961a28f7f793889f57595dd13bd8754b0f039b7c4762e953da528ed66ff003ea732fecc8cb7af6f974ff051ad166b65df27583e2757318b1fcfd1770cd74e33aaf5b6fee726da6ca9e26b1ec59ae6d3a69a36d2dd53edb2a5bcdb98e55e4aadba37ce0fd0d54bc497bd747ac578335dcd6b89184b1101df88674dceaaad1b2ca9e3eccb109b39ac171416773a8359cd711aefa57024546c6ae8420b998b2e9cf6e862b5decd1833ac77ecfeaa6512350352c765b45adfa9131f2bf73460ded27268ed2939c2b5993c135754a4f11593a1e8ef92b028fb6bebfe546481f7a4ccf014e2572eeed2e95af57fb1d1ab40b9d8fd0e8d77d822818238636c6c1b1a001c4ef3dab9939ca6f32793a118c62b1146cad4d820080200802008020080200802008020080200802008020080c768819234b1ed0e61c0b5c0107882b31938bca3128a92c3451efef27113eaeb2bba27fb0ea961e0736f88ec5d2a7b4651dac59f9f53997f66c65bd6f1f2e9fe0a34f67b6ddf2621f1389cc62c7f3f45dc0e3c174a33aaf8edbfb9cab2ab297f9963d8858a0b55b652d8d8f95e493468eab6a4e276347692b694e1547327844d5d729bc451d03473c958147db5f5dbd146481c1d26678369c5736eed27cab5eace8d5a05cec7e8746b05822818238636c6c1b1a001c7b4f6ae64e729bcc9e4e846318ac451b2b53608020080200802008020080200802008020080200802008020080200802031da20648d2d7b5ae61c0b5c0107882b31938bca3128a92c331d86c3142cd48636c6c1b1a001c70ccf6acce729bcc9e4c46318ac4560d85a9b04010040100401004010040100401004010040100401004010040100401004010040100401004010040100401004010040100401004010040100401004010040100401004010040100401004010040100401004010040100407fffd9),
(4, 'image/jpeg', 0xffd8ffe000104a46494600010100000100010000ffe202a04943435f50524f46494c45000101000002906c636d73043000006d6e74725247422058595a2007e100060008000d001e003b616373704150504c0000000000000000000000000000000000000000000000000000f6d6000100000000d32d6c636d7300000000000000000000000000000000000000000000000000000000000000000000000000000000000000000000000b64657363000001080000003863707274000001400000004e77747074000001900000001463686164000001a40000002c7258595a000001d0000000146258595a000001e4000000146758595a000001f800000014725452430000020c00000020675452430000022c00000020625452430000024c000000206368726d0000026c000000246d6c756300000000000000010000000c656e55530000001c0000001c00730052004700420020006200750069006c0074002d0069006e00006d6c756300000000000000010000000c656e5553000000320000001c004e006f00200063006f0070007900720069006700680074002c002000750073006500200066007200650065006c00790000000058595a20000000000000f6d6000100000000d32d736633320000000000010c4a000005e3fffff32a0000079b0000fd87fffffba2fffffda3000003d80000c09458595a200000000000006f94000038ee0000039058595a20000000000000249d00000f830000b6be58595a2000000000000062a50000b790000018de706172610000000000030000000266660000f2a700000d59000013d000000a5b706172610000000000030000000266660000f2a700000d59000013d000000a5b706172610000000000030000000266660000f2a700000d59000013d000000a5b6368726d00000000000300000000a3d70000547b00004ccd0000999a0000266600000f5cffdb0043000503040404030504040405050506070c08070707070f0b0b090c110f1212110f111113161c1713141a1511111821181a1d1d1f1f1f13172224221e241c1e1f1effdb0043010505050706070e08080e1e1411141e1e1e1e1e1e1e1e1e1e1e1e1e1e1e1e1e1e1e1e1e1e1e1e1e1e1e1e1e1e1e1e1e1e1e1e1e1e1e1e1e1e1e1e1e1e1e1e1e1effc20011080190019003012200021101031101ffc4001c0001000203010101000000000000000000000507040608030201ffc4001a010100020301000000000000000000000000020503040601ffda000c03010002100310000001d48751740000000000000000000000000000000000000000000000000000000000000000000000000000000000000160fbeae1add640add640add640add640add640add640add640add647c95cbf7f36b300000000000000000000001d079f81f3cd53c8a956e67ba94a8ba94a8ba94a8ba94a8ba94a8ba94a8bab13ee3b4b050c3a6b8000000000000006db08ea4e8a57eaf3aba2873aba2873aba2873aba287863cac5576a5083a4b700000001ebe5211f3a035ad9fcf9ca8e717452cb739d5d1439d5d1439d5d1439d5d1439d5bee85bfb219260000361d7a4b1c7a007374e0000008897889ca841d2dc000000009e81daf142e71ce54000000014e6a13b05d1db865980000f5f278e90fac2cde66943c000008897889ca841d2dc00000000de746b1b5b0d98282ac00000063940621d3dd07a000000bde6f55dab9ba80c7000001112f11395083a5b80007b78d818a1a73a0d5da9cf8e831cf9656f2c58c34b5c0000010d33a9e59d323a3b700000002d8deab7b2282ac35b0800008897889ca841d2dc0002c0afec0d6c3690a0ab00000000001a0efd57ece6af45fda00000001be5ad55da9455a1a9ae00002225e2272a1074b70000b02bfb035b0da4282ac000000000055969d69b59eb817d6600000005896756f6450d606ae000001112f11395083a5b80006d5aaa11b7d503570dbea805e5b054f6c566906be200000057961e87b19aa91d05a0000000168d83a26f7cfd506be200001112f11395083a5b8000000037cb5aacb4e8ab0353000000034bdd353cd92991d15b000000016f6e9a96dbced4861c600002225e2272a1074b7000000005856856566d15606a600000006b5b2c1e49d123a4b700000002ebd9e027f9ca80c5000001112f11395083a5b800000002c7b2eb7b2286ac35708000002265b0a5ef3d0e9ae40000000be26a324f9aa708440000444bc44e5420e96e0001be687606b62b1d96a1abc4658f1f63cf00000000787bfc9cdef4f3ea2e80000000e86ccf0f7e62983cf00000444bc44e5420e96e00016057f606b61b48505580000000000073b634946f4d7212f400007dfc6478e88fa398a5000000444bc44e5420e96e00016057f606b61b48505580000000000050d0db0ebdd25c064900000cfc0968797e0e6a98000001112f11395083a5b80005815fd81ad86d2141560000000000014aeafb869fd15b066c800002720f63c50bbc739500000008897889ca841d2dc0002c0afec0d6c3691194359268bc8f598f1f58f9fa000000002a5d1f7fd03a0b50d8ca0000369d5b6fc38ee31ced48f93e98317396c4d2a2f2e4b255146669de111958bab82841d25c0002c0afec0d6c369533735335da9a98bab17af93c65e4463cf26fdf5d47cdabdf4e463bce457c87964e455c8c6d8c8a7d1f370d3cd9cc192400002720d1f2c18cd45871cd46e3b364097a001d078f918fce545083a3b73ee5e3e42b769bc18aaeb036c9cd3d7caa66e6a671435317562000000000000000000000000001d07f7f19fcd53e8f373be5393d60a0cde555c267cb76c65178db196e2ad61db59c367280000000000000000000000000058f1ba535b14cc4fc33e4097a000000000000000000000000000000000000000000000000000000000000000000000000000000000000000000000001fffc4002f100000040404050304030100000000000000030506010204301112343513151620401421241025315022233380ffda0008010100010502ff0082a9db7c523a5874b0e961d2c3a5874b0e961d2c3a5874b0e961d2c3a5874b0e961d2c22d7c211fcf9e9fa0f02b26c949fa04fd0291931341cf94c73e531cf94c73e531cf94c73e531cf94c73e531cf94c73e531cf94c73e531cf94c73e5314f19a242d4d9527f409da059daae950cc6c21841cf36546f15a9979af0491c12470491c12470491c12470491c12470491c12443d82ced575365cea0269659a1c12470491c12470491c12470491c12470491c12470490f2c92d45a6ecd9166daced575bf2e658b8ed9f32b5a4b9b2295b59daaeb525c562e2fcf9d5ed151ca6c238c2d2ced5759b2fdc2e564fc4abb745367a3b4b3b55d654bfcadd44d929ee214d9922d2ced5de51469b1f47563d1d58f47563d1d58f47561a24184d2db5b9b224dc6acd991ed2ced5decbd4f82ea9f2a3dc66cd8a7da59dabbd95a9f05e93e147719537b5a59dabbd95a9f05eb3ff0075c6647e6da59dabbd95a9f05e90f9571970f9769676aef656a7c17b43dee32a1fdb69676aef6ed791407751a78ea34f1d469e3a8d3c272b53571d71eb0fe9b8c987f1b4b3b55c666e171e70f8371970f8d69676ab8cbd65c784314bb8cc87c0b4b3b55c65eaae3ae18a3dc684304bb4b3b55c657fbdc7343145b8d387d9ed2ced57195fe9717a18a3dc6c43045b4b3b55c64fe6e2c4314bb8de8608f69676ab8c9fc5cae86345711368b4b3b577b3a4927a8f4d4e3d3538f4d4e3d353890b2e4ba7c3126e25c32a6da59dabbd95a9f063ef03218196e8bda8ed2ced5decad4f85570c2aad910c09b4b3b577b2b53e12a432a95a2fdcc87e2d2ced5decad4f84b70c15ad53431a8b6b3b577b2b53e138e182cda4e866afb6b3b577b2b53e13a61f79b48feeab6d676aef656a7c27743eed690618abdb59dabbd95a9f09e50fb8da6d43159b6b3b577b2b520eaea320c954286612d4d3c440c2e379e90f9569ad0c566daced5decad48766f1f581864042a6a602550ae944155460255b538082fa9095c6a10107356095ce7083a041ce48839a8c4ae34f8872d7d3574d69a30c55feb1f60655d2940c5a4d2c18e4a19418e806392ba6062d2918286319a8d676aef656a43b378f2d16ba54faa31ce6831c2a3303155467139c74fde9fa059dabbd97a90ecde3f4c9fa059dabe924934d1252940d04b6eb6604b60980250d34b041049100ecde3f4c9fa0ac27d45292daa39412929c5092492487d6318401ca1444839c49f2058ac96bab7f4c9fa0fa4e649240e574e281ce5a3941ce6a888396d48c069e71bfaa2dc65934c7392ba6072a281a279a69e3ff0c7ffc4002a11000102050304010501010000000000000100020311142032043351303141611210132123405060ffda0008010301013f01ff006aa21f2aa21f2aa21f2aa21f2aa21f2aa21f2aa21f2aa21f2aa21f3fc244dd2548f548f548f548f548f548f548f4d1f9974dcef889aacf4ab3d2acf4ab3d2acf49b9de4c8269919aacf4ab3d2acf4ab3d2acf498ef93676bc4da6e6642f8864c37c31260b8dacc85f1cfeb3d58824e36b32164477c1b35587855878513505ed94ae8626f17ea07ec36b321647db3d1d38fd82fd4ee5acc8591f6cf474db82fd46e1b5990b1cd0e122a958a958a33031d21740dc17c7dc36b3217ea772e8398be3666d6642fd4ee1ba1e42f8999b5990bf51b86e6f7bdf91b5990b23ed9532a67ac6d6642c8fb67a43b74d990b23ed9e933116bbb1b9990b23ed9e942c05b131373321647db2809f65f13d081b62d8b81fa8638f8420443e10d2bd3721647db2b4b9fd6417c1bc2fb4ce17d887c2a787c2a6869adf8890b480e122841863c20d03b5833fa12077463c31e545d435cd905a5cff90fe1c8c57bbca109eef08695e50d27254382d6198fe410183c2000edff0005ffc4002e1100010302050303040105000000000000010002030420111532335114315212304105101340212242506081ffda0008010201013f01ff0035d643caeb21e57590f2bac8795d643caeb21e57590f2bac8795d643cfe8918bf0597c9c8597c9c8597c9c8597c9c8597c9c8597c9c8597c9c84d1fd607b723fd0d2e5990f15990f15990f15990f15990f14c38c82f71c06298ef4b8396643c56643c56643c56643c56643c54527e46075b28c5845d1eb17ce708dd7c0308db71181b63d62fab38426f030174c3090db1eb164d27e36172cc5dc2cc5dc29ab0cacf4e174231900beac6131b63d62cabd977b34631985f5dbc6d8f58b2af65decd16f0beb778db1eb163d81edf495d044ba08954c62393d2dba9379b7d5ef3ad8f58bebb78dd4fbadbea775d6c7ac5f5bbc6e87705f36e3ad8f58beb778dccfe1c2f9359b63d62cabd92b12b13ef1ef6c7ac5957b2ef69bfcb45a6e8f58b2af65ded45a05afd26e8f58b2af65ded53ed36d9b6cdd1eb1655ecb9004f6458e1f1ec526cb6da8da77dc46f3d8214931f843e9f294c183c5957b2e5f4fddfb9634fc2fc51f0ba78bc57490f8ae8a1e11a08947188dbe916b9a1c302852c43fb5063476160dcffbf6739adee53aae16fcaa8ad63d85a02fa7eefea38e0ec53a795ddca6c12bbb04da094f74dfa6f25454ac88e23f5052443e106b5bd87fa17fffc4003e100000040204090b03040105000000000000010203043011337273213440519192a3b1e110122223616263718182c13150a11314205280324143a2d1ffda0008010100063f02ff000290efef28e7a48e8fd3e231ed97118f6cb88c7b65c463db2e231ed97118f6cb88c7b65c463db2e231ed97118f6cb88c7b65c463db2e231ed97118f6cb88c7b65c463db2e20cff007db2e3f6162ed3bb217559907f6162ed3b83eeb674292833215e5a842bcb5085796a10af2d4215e5a842bcb5085796a10af2d4215e5a842bcb5085796a10af2d4215e5a842bcb508366aff0051a4a91127e19fd858bb4ee11574a9c94e730441eeda0bf3937354447ce419611548d02a91a0552340aa4681548d02a91a0552340aa4681548d02a91a3922ae953a1d39dc2e4a144465da2a91a0552340aa4681548d02a91a0552340aa4681548d02a91a055234061b4a48a8499e0296c769997e26455d2a743977a99a65fd50452e1d599c2991574a9c83fea9339b10799544b4ab318a65c55d2a73aaccdfccd7979d667319567414b8aba54e895f624b7cc717992673618fb944b8aba5483269b52e8fea548c59ed4318b3da863167b50c62cf6a18c59ed430f7eab6a419affdca6449f70ca6b7d8a32971574a911160b22597f65114d71399cf8971574a911160b226519d74fe26c4a2c9ef971574a911160b22876f324ce6bc9cedfccb8aba54888b059130aee1cd7cfb9f32e2ae952222c16450a76be26c49f627e65c55d2a43aa7b9d428a82e690fa3daa3e8f6a8fa3daa3e8f6a8369925d249e7748a6c39f78e6c49d9f9971574a9aedd7ccd64fc4f89b107df971574a9afddfccd49e670a6ba7e2fc14b8aba54d7ec14d5f628a699e770e5c55d2a6c45929affa6f9a8ed51cb8aba54d89f24fccd89b1359f5df2e2ae95362bdbf33624bc339b0f665c55d2a6c57b7e66bc5e19ee9b0d7652e2ae9521f25a12ae897d485437aa2a1bd5150dea8a86f54741094f914d59774e6c3978652e2ae952222c1646a2ed98c9770b74b8aba54888b0591ba5df39882ee94b8aba54888b0591c4178872d3e7322ae952222c164713792db2ef94c8aba54888b0591c47996e96c17885be6455d2a444582c8ddf24ee970d7a5322ae952222c16474e7414b86b7322ae952222c1646d9f85f272d8f5dd322ae952222c1727e9bb10842f3198c116ceb8c0fb47ee18169d33983ee1cb6fb095ba6455d2a444582e45592fe1816a2f518221d2f798c116f6b8c6dc18c99f9a4856a350861fd23f68c2c31f918615bd61860ffefc06185597b86165ff00c0ff0094bda18387519f348f9d49519a5f920ff8611d644349f350c3124764a91d143cbf41d5c26b2c7410d23d063269b2540654a3a4cd054988aba54888b05c8ab25961bea6cd7d0e6d148eae150569548e89b68f248e945b9e98074dd5abcd5fcd8bb4ee11574a911160b91564becec5da7708aba572d0949abc874615cf7601d62da6fd691d744ad564a8151cfb4748a196908b25c8ab25f6762ed3b83ac53cde7a4d348eb1c75cfc0e8c2a0ed611421094f917f0c38075914d17b8744dc73c93ff00a0df4a0d05411507f6762ed3bb9695ad29f331d28a41d9c23ab69d73f03aa876d1e6748c639b64a81d63ab5f9abed4db6dc329469491615503ab434dfa523a514e7a6014a946a3edff00067fffc4002b10000103020306070101000000000000000100113051f02161a131404171c1f110508191b1d1e12080ffda0008010100013f21ff000515bbc62b3847508750875087508750875087508750875087508750875087508750875087508790180740006017038f905da8dc730ee9e4376a106a177980adde8adde8adde8adde8adde8adde8adde8adde8adde8adde8adde8adde8adde8adde8888b902cd972a8f7c3c86dd42b4526c9246a8413600cb371e937679bd6607a1e8bb4d769aed35da6bb4d769aed35da6bb4d769a000c0301b02b4526cbf7a8f0ca4503aed35da6bb4d769aed35da6bb4d769aed35da6b11ad70369fc8df3fa2424b4526c9ed004cb62d63d63a76efde4b4526b31837594ddb9868f2493aa1043610f1da2933cc7f7094c57f7a4ce3fa08ed149b978091da0c08924b938993910f6611da290150d8882b3fae38e38e0c2038668b01fb262cb7ccc256113f751da2905e2bb956ad69fa4b9e5ea11da290582bb9623edfd85f72f2db31ad1482c15dc9cfdc247d4a71c339ec1f71da290582bb935542d65e45111ad1482c15dcbd1a12b94851ad1480699878871575fb575fb575fb575fb40d57cc10cedd65e4f0e825e63211ad1494716d8257a95baa5e7501a4768a4a18d6c12e6a2d0cbccd18b45251c5b1e57955eb2e7b2d04768a4a18b7b997931fa6560957ac768a4a38b286a737b4bcf04f54768a4a18b2cc75e2561d48ea63b4525d54a6758754a2dcd23b45200fa4358dc5761aec35d86bb0d0d38cedc2973181a4b967f1c768a4160aee42e0a8594c635903201e88ed1482c15dcf2287a98c62596430348ed1482c15dcf24fe78c18543e50b00a4768a4160aee6d3cc63cc60eb25a290582bb9f36134479a7f1a4b4520b0577360d53688c58daf25a290582bb9b39cfe6361736925a290582bb9b554119c8e4f5c968a4160af81c8f8396582dadfd0b47c15b51724041d841979cc5ac6f3aad525a290582be163a78faad158d68848d8dfd4b637ae5d7ca81d107b49cd1b117b3416d1e81d5717391043fad476940519b37205d56d01cff00d269655ced60eb1b01abf8fe08039001690a85ad39f05857281035284d8fcfe808637ab09d4adbc164a17c17938960ad1482c15f0b1d37c70c2400cda463a23f5b3e0c8ae09cff0094eac41e07d0b5db8ff776a15a2905e2be163a793dda8568a78b99d402537b61506eab1f094716880b93a047aac75c553fe1334f923c2c74f27bb50b292c3b3858d98e21c0689b5c87107ea9bc8a31fc087201528b104470613ec16d39e5f4223e02131c3c9eed478b5915616d40a3be2b09315200a756cce2e8b88868242db7ab1f2a2ccfa440e07aac0405439aa7dc21e06dd166c509cff867ffda000c030100020003000000100410410410410410410410410410410410410410410410410410410410410410410410410410410410410410c20820820821810410410410410410410410400410410410460410410410410410400000007010410410475000000000410410460000000140410410411000000000000410410a9000000501041041047000000003a810410410c0000014041057000440000000101041041060000000501041540000000000017041041041080000014041055000000000000581041041048000000501041070c01000000006041041041ac0000014041041041ac00000000c104104106b000000501041041041000000012041041041840000014041041041a400000000c10410410680000005010411b0c220000000078410410458000000140410550000000000000210410414a00000005010415400000000000008010410420000000140410550000000000000210410410c000000050104154414a000000000a01041045004106255041055501cb14118838e30410414238010415413412540410410410410410410410410410408000b04810410410410410410410410410410b104104104104104104104104104104104104104104104104104104104104104104104104104104104104104104104104107ffc4002b11000103020405040203000000000000000100112061b13171a1f0304181d1f110214051509160c1e1ffda0008010301013f10fcd10163a0f65bc0f65bc0f65bc0f65bc0f65bc0f65bc0f65bc0f65bc0f6f82420732aa8df45546fa2aa37d1551be8aa8df45546fa2aa37d1383570de7ea99e699e699e699e699e689c0d45e6e05379724cf34cf34cf34cf34cf34dcd678b02865a8179bc69368d227dc32062d1d40bcda90039640306934aa63a81783a08c150aa14eab24d0a89b113502fc58e4cc6e91d40bf1613752d33789a817819e1159ab3518e148da61c4d40bcf1ba489b3e64f9f1d40bcec244c6a899be618ea05e7696122613599392a63a81781a2b2ac897902c57296231d40bf1a1b81a44fb032d40bf1a1be508931a865a817e3437cb89365196a05e3084c0e887109a64f14db2fd70025822158b042c2a8bc65b3e8c113e2113f27e913f2a24427ff0045137dfed0c784227180560898100860e7fdfa62e03d305423eead9f8864847dac6896044b1e6087d85cdc7c424e9839bf817fffc4002b110001030106050501010100000000000001001120b1316171a1e1f0214191c1d110305181f1405060ffda0008010201013f10ff006884b1ca7c2df07c2df07c2df07c2df07c2df07c2df07c2df07c2df07c7f098c1ccf75fb9a2fdcd17ee68bf7345fb9a2fdcd17ee689fbc819fb7c2c760eb60e8b60e8b60e8b60e8b60e89c1f27bcdc7e084703b175b0745b0745b0745b0745b0745c21678e0f1a4b3a2b3715c693675c2243864e0239d159ec3f224039640001ca4d1bcd639d158106876575eaaebd51e1b1e58f42b3de7e239d1586e623d9c1ae729e505239d1586e623d936fba9327fa68239d1581d58958fd563f547d61c244d89da64f89da39d159e405246c6bc4c9f18c73a2b3a4a4898b78accdcd79ac73a2b3a3a09138bc5664e5bcd639d1581333be215f157c5124db2058a1237231ce8ac37311ed1b8b8449819674561b988f68dcf70a44d8d719674561b988f689f004498b71a4b3a2b0dcc423ac0e55a05d131993e077893601f5b753f45593d6c15b040fb4c2f822b0dcc42a06a3d0806d56807444d68f4089b93a224e4cd12eb3e513c8f54236222776655961556483ea167b5be811c4312ad47e0e511371e6a81a8fe42142d07bae0a53bb97152ef15c903efc200ed8f2b8db7bcff2127e3c5ca18c2180ff0082ffc4002b10000102040405050101010000000000000111300051c1f0213171a1406191b1f1415081d1e1102080ffda0008010100013f10ff0082b4c715028b9f3e05965965965965965965965964cb2917200b159182064500e7ee34044ca055d0cfb1503583c804020828702fe4c993264c993264c993264c9805a491480929e98c622a14e79823bfb09025188311649def5ab0bd40465248340120c80a00f355b6078621d0fc60a0aa0119c2eaa45d548baa9175522eaa45d548baa9175522eaa45d54809180400400459277afda37f153e15400ba18baa9175522eaa45d548baa9175522eaa45d548baa91755210bf080293015062dc65ce1695372c93bc44855cec3d1d2afa81bc9416f09f2847424172c93bc743c097c9ba14e5701a0a96cc2ca15bd00c652c834215bb24ef2f180a01e7f44ba6014ac6a643811a5715d5bac93bcb103316a48f60e0cd940b1a860cd41149e65cc7f52166a3437649d81a0e05001c14a08bb29176522eca45d948bb290289a0f3025402325719ee110f3c0eee955c26f96320742dd92762e33f058ca80fd25b3a21f39c02409ee0b7649d8b4cfc120282704c08eca4938101aa0f60dd92762d33f058f19f0d03b0c7287a801b592762d33f05829ea3a2eaeaffbb00d1bb24ec5a67e090992ce84eaeadfb40951bb24ec203e7035044aa911e050f02878143c0a07f962012060209c703ab736ba928ea3cdae80aadd927774110ebf5bb79627a3a9f30da2eadd927774200ebf43be40a0d5d4936600790fb9bb24eee86175fcbbe57a11577c0941a37649ddd2c0ebf43a90f14aed9ac8a37649ddd2c2ea7e8ee092a17581a3b75d2dd649ddf8a86eecb980a5f065d0fee099bb24ee805fd53d9d04f05c2b57446cfac0b56ec93b05521804415e4a308b7e916fd22dfa45bf48120646017aa077cdf0420820a1cc39e8077225bb24ec5a67e0825f220ea23c5b441cf0d336592762d33f07e078136242399291e09800dd92762d33f0787689f7b7ca07d42022f2003646ec93b1699f83e77f5456adf9360439649d8b4cfc1a39137d2b7ea32570b24ec5a67e0f0a13b4546f05942a46825cb24ec5a67e0d6bf188a37c9f1e823472c93b1699f8341a74f30dc8acf612d1cb24ec5a67fe0cb414e043038c1642f21f6c035569bac6c0e9ac0f511c8aba8fe495d5bb0d01572c93b1699ffcdc0905420cc46d5c3b18da717631de0bee633dfa3dc212d125d185fa8e42372e31da091ce482bbe02bda9830931cf34fbc2d9ba6917cedcb1b3567b141236284028b368dac14457fc2328cc9282062a566bdd16160171e9bb8110aa57e87ba8da15028f4a0a90712791da8da062481bd00b060fd42921893f31649d8b4cfc75c2b58e630495120e08507ca67a28ec81a12ac8051f24627e4011da214714cea258a1649d8bccfed5750b24ffdf433aade8041252b100f50c4209d33207f009bc0e023f54813042c648e8bd905873084288e6831f6aba866c538902a2e39c1013b8bf805de0267dc1ca7ccc7250687a01fe08c7399001d633a150ee6181040b4e05d4a0213644e0229230f6aa07c0b0a421dcc0b28ec3155f89854126441f9249da0e0106446ba2368c38f96600bbc1b93388a4f427da922b3f9004800110a3940d3e831286a49b423c6cfdb82239afcfd627fe19fffd9);

-- --------------------------------------------------------

--
-- Table structure for table `property`
--

CREATE TABLE `property` (
  `prop_id` int(11) NOT NULL,
  `prop_num` varchar(5) NOT NULL,
  `prop_type_id` int(11) NOT NULL,
  `prop_pet` set('Yes','No') NOT NULL,
  `prop_network` set('Yes','No') NOT NULL,
  `building_id` int(11) NOT NULL,
  `user_id` int(11) NOT NULL
) ENGINE=InnoDB DEFAULT CHARSET=latin1;

--
-- Dumping data for table `property`
--

INSERT INTO `property` (`prop_id`, `prop_num`, `prop_type_id`, `prop_pet`, `prop_network`, `building_id`, `user_id`) VALUES
(1, '301S', 2, 'Yes', 'Yes', 1, 1),
(2, '207S', 4, 'Yes', 'Yes', 1, 2),
(3, '1100T', 6, 'No', 'No', 2, 3),
(4, '1201T', 6, 'No', 'Yes', 2, 4),
(5, '317S', 1, 'No', 'Yes', 1, 5),
(6, '110T', 5, 'No', 'Yes', 2, 6),
(7, '1010S', 3, 'No', 'No', 1, 7),
(8, '409S', 1, 'Yes', 'Yes', 1, 8),
(9, '505T', 5, 'Yes', 'No', 2, 9),
(10, '1005T', 6, 'Yes', 'Yes', 2, 10),
(11, '656S', 3, 'Yes', 'No', 1, 11),
(12, '942S', 2, 'No', 'No', 1, 12),
(13, '517T', 6, 'Yes', 'Yes', 2, 13);

-- --------------------------------------------------------

--
-- Table structure for table `property_rate`
--

CREATE TABLE `property_rate` (
  `prop_rate_id` int(11) NOT NULL,
  `prop_type_id` int(11) NOT NULL,
  `prop_rate` decimal(9,2) NOT NULL,
  `prop_rate_start` date NOT NULL,
  `prop_rate_end` date NOT NULL
) ENGINE=InnoDB DEFAULT CHARSET=latin1;

--
-- Dumping data for table `property_rate`
--

INSERT INTO `property_rate` (`prop_rate_id`, `prop_type_id`, `prop_rate`, `prop_rate_start`, `prop_rate_end`) VALUES
(1, 1, '400.00', '2018-01-01', '2018-03-31'),
(2, 1, '475.00', '2018-04-01', '2018-05-31'),
(3, 1, '600.00', '2018-06-01', '2018-08-31'),
(4, 1, '475.00', '2018-09-01', '2018-10-31'),
(5, 1, '400.00', '2018-11-01', '2018-12-31'),
(6, 2, '450.00', '2018-01-01', '2018-03-31'),
(7, 2, '525.00', '2018-04-01', '2018-05-31'),
(8, 2, '650.00', '2018-06-01', '2018-08-31'),
(9, 2, '525.00', '2018-09-01', '2018-10-31'),
(10, 2, '450.00', '2018-11-01', '2018-12-31'),
(11, 3, '375.00', '2018-01-01', '2018-03-31'),
(12, 3, '425.00', '2018-04-01', '2018-05-31'),
(13, 3, '575.00', '2018-06-01', '2018-08-31'),
(14, 3, '425.00', '2018-09-01', '2018-10-31'),
(15, 3, '375.00', '2018-11-01', '2018-12-31'),
(16, 4, '425.00', '2018-01-01', '2018-03-31'),
(17, 4, '475.00', '2018-04-01', '2018-05-31'),
(18, 4, '625.00', '2018-06-01', '2018-08-31'),
(19, 4, '475.00', '2018-09-01', '2018-10-31'),
(20, 4, '425.00', '2018-11-01', '2018-12-31'),
(21, 5, '350.00', '2018-01-01', '2018-03-31'),
(22, 5, '375.00', '2018-04-01', '2018-05-31'),
(23, 5, '450.00', '2018-06-01', '2018-08-31'),
(24, 5, '375.00', '2018-09-01', '2018-10-31'),
(25, 5, '350.00', '2018-11-01', '2018-12-31'),
(26, 6, '375.00', '2018-01-01', '2018-03-31'),
(27, 6, '400.00', '2018-04-01', '2018-05-31'),
(28, 6, '500.00', '2018-06-01', '2018-08-31'),
(29, 6, '400.00', '2018-09-01', '2018-10-31'),
(30, 6, '375.00', '2018-11-01', '2018-12-31');

-- --------------------------------------------------------

--
-- Table structure for table `property_type`
--

CREATE TABLE `property_type` (
  `prop_type_id` int(11) NOT NULL,
  `prop_type` varchar(15) NOT NULL,
  `building_id` int(11) NOT NULL,
  `prop_type_view` varchar(10) DEFAULT NULL,
  `prop_type_bedroom` int(1) NOT NULL
) ENGINE=InnoDB DEFAULT CHARSET=latin1;

--
-- Dumping data for table `property_type`
--

INSERT INTO `property_type` (`prop_type_id`, `prop_type`, `building_id`, `prop_type_view`, `prop_type_bedroom`) VALUES
(1, 'SandsOF2BR', 1, 'oceanfront', 2),
(2, 'SandsOF3BR', 1, 'oceanfront', 3),
(3, 'SandsOV2BR', 1, 'oceanview', 2),
(4, 'SandsOV3BR', 1, 'oceanview', 3),
(5, 'Tides2BR', 2, NULL, 2),
(6, 'Tides3BR', 2, NULL, 3);

-- --------------------------------------------------------

--
-- Table structure for table `prop_pics`
--

CREATE TABLE `prop_pics` (
  `prop_pic_id` int(11) NOT NULL,
  `prop_id` int(11) NOT NULL,
  `prop_pic_desc` text,
  `prop_pic` blob NOT NULL,
  `prop_pic_type` varchar(28) NOT NULL
) ENGINE=InnoDB DEFAULT CHARSET=latin1;

-- --------------------------------------------------------

--
-- Table structure for table `transactions`
--

CREATE TABLE `transactions` (
  `trans_id` int(11) NOT NULL,
  `prop_id` int(11) NOT NULL,
  `user_id` int(11) NOT NULL,
  `trans_arrive_dt` date NOT NULL,
  `trans_depart_dt` date NOT NULL,
  `trans_rnt_deposit` decimal(9,2) NOT NULL,
  `trans_pet_deposit` decimal(9,2) DEFAULT NULL,
  `trans_pet_type` enum('Cat','Dog','Cat,Dog') DEFAULT NULL,
  `trans_cleaning_fee` decimal(9,2) NOT NULL,
  `trans_rate` decimal(9,2) NOT NULL,
  `user_pay_id` int(11) NOT NULL
) ENGINE=InnoDB DEFAULT CHARSET=latin1;

--
-- Dumping data for table `transactions`
--

INSERT INTO `transactions` (`trans_id`, `prop_id`, `user_id`, `trans_arrive_dt`, `trans_depart_dt`, `trans_rnt_deposit`, `trans_pet_deposit`, `trans_pet_type`, `trans_cleaning_fee`, `trans_rate`, `user_pay_id`) VALUES
(1, 8, 21, '2016-05-07', '2016-05-21', '100.00', '150.00', 'Cat', '50.00', '950.00', 1),
(2, 3, 20, '2016-05-07', '2016-05-14', '100.00', '0.00', NULL, '60.00', '400.00', 2),
(4, 12, 19, '2016-05-07', '2016-05-14', '100.00', '0.00', NULL, '60.00', '525.00', 4),
(5, 4, 26, '2016-05-14', '2016-05-21', '100.00', '0.00', NULL, '60.00', '400.00', 2),
(6, 10, 22, '2016-05-14', '2016-05-21', '100.00', '0.00', NULL, '60.00', '400.00', 5),
(7, 11, 15, '2016-05-21', '2016-05-28', '100.00', '150.00', 'Dog', '50.00', '425.00', 5),
(8, 5, 16, '2016-06-04', '2016-06-18', '100.00', '0.00', NULL, '50.00', '1200.00', 3),
(9, 12, 20, '2016-06-04', '2016-06-25', '100.00', '0.00', NULL, '60.00', '1950.00', 3),
(11, 4, 26, '2016-06-18', '2016-06-25', '100.00', '0.00', NULL, '60.00', '500.00', 2),
(12, 10, 22, '2017-01-07', '2017-01-14', '100.00', '0.00', NULL, '60.00', '375.00', 6),
(13, 12, 20, '2017-01-21', '2017-02-04', '100.00', '0.00', NULL, '60.00', '900.00', 2),
(16, 8, 21, '2017-03-04', '2017-03-25', '100.00', '150.00', 'Dog', '50.00', '1200.00', 1),
(17, 3, 32, '2017-06-03', '2017-06-10', '100.00', '0.00', NULL, '60.00', '375.00', 4),
(18, 5, 21, '2017-06-10', '2017-06-24', '100.00', '0.00', NULL, '50.00', '800.00', 1),
(19, 10, 22, '2017-06-17', '2017-07-01', '100.00', '0.00', NULL, '60.00', '750.00', 6),
(20, 9, 19, '2017-07-08', '2017-07-29', '100.00', '150.00', 'Cat', '50.00', '1050.00', 6),
(21, 2, 32, '2017-07-15', '2017-07-22', '100.00', '150.00', 'Dog', '60.00', '375.00', 5),
(22, 12, 20, '2017-07-15', '2017-07-29', '100.00', '0.00', NULL, '60.00', '900.00', 1),
(24, 10, 27, '2017-08-05', '2017-08-12', '100.00', '0.00', NULL, '60.00', '375.00', 5),
(25, 12, 20, '2017-08-19', '2017-08-26', '100.00', '0.00', NULL, '60.00', '450.00', 2),
(26, 12, 20, '2017-09-02', '2017-09-09', '100.00', '0.00', NULL, '60.00', '525.00', 2),
(28, 4, 26, '2017-09-16', '2017-09-23', '100.00', '0.00', NULL, '60.00', '400.00', 2);

-- --------------------------------------------------------

--
-- Table structure for table `user`
--

CREATE TABLE `user` (
  `user_id` int(11) NOT NULL,
  `user_fName` varchar(50) NOT NULL,
  `user_lName` varchar(50) NOT NULL,
  `user_street` varchar(50) NOT NULL,
  `user_city` varchar(50) NOT NULL,
  `user_state` char(2) NOT NULL,
  `user_zip` varchar(10) NOT NULL,
  `user_phone` varchar(13) NOT NULL,
  `user_email` varchar(100) NOT NULL,
  `user_pass` varchar(200) NOT NULL,
  `user_type` varchar(15) NOT NULL,
  `joining_date` timestamp NOT NULL DEFAULT CURRENT_TIMESTAMP
) ENGINE=InnoDB DEFAULT CHARSET=latin1;

--
-- Dumping data for table `user`
--

INSERT INTO `user` (`user_id`, `user_fName`, `user_lName`, `user_street`, `user_city`, `user_state`, `user_zip`, `user_phone`, `user_email`, `user_pass`, `user_type`, `joining_date`) VALUES
(1, 'Sandy', 'Claus', '123 North Pole Dr.', 'Snowshoe', 'PA', '23987', '(404)678-0909', 'sandyclaus@com.net', '$2y$10$kbrE1OB0WZnWiraN0iAJluIuImTRcRVjRk5cuNAJ1AkRocP6dDGh6', 'owner', '2018-06-30 21:04:35'),
(2, 'Richard ', 'Compote', '645 Snowpass Road  ', 'Plymouth', 'MD', '48170', '(413)555-9876', 'richc@com.net', '$2y$10$kbrE1OB0WZnWiraN0iAJluIuImTRcRVjRk5cuNAJ1AkRocP6dDGh6', 'owner', '2018-06-30 21:04:35'),
(3, 'Lucille ', 'Livingood', '63 Park Avenue  ', 'New York', 'NY', '12340', '(007)555-3636', 'livingood@com.net', '$2y$10$kbrE1OB0WZnWiraN0iAJluIuImTRcRVjRk5cuNAJ1AkRocP6dDGh6', 'owner', '2018-06-30 21:04:35'),
(4, 'Charles ', 'Brown', '8706 Main Street  ', 'Snowshoe', 'CO', '48000', '(303)555-1236', 'charlie@com.net', '$2y$10$kbrE1OB0WZnWiraN0iAJluIuImTRcRVjRk5cuNAJ1AkRocP6dDGh6', 'owner', '2018-06-30 21:04:35'),
(5, 'Jack ', 'Bauer', '469 Carriage Hill Dr  ', 'Washington', 'DC', '20001', '(713)555-3872', 'jackbauer@com.net', '$2y$10$kbrE1OB0WZnWiraN0iAJluIuImTRcRVjRk5cuNAJ1AkRocP6dDGh6', 'owner', '2018-06-30 21:04:35'),
(6, 'Barbie ', 'Beckwith', '9010 Upper Crust Way  ', 'Littleton', 'NY', '20127', '(007)555-9999', 'babs@com.net', '$2y$10$kbrE1OB0WZnWiraN0iAJluIuImTRcRVjRk5cuNAJ1AkRocP6dDGh6', 'owner', '2018-06-30 21:04:35'),
(7, 'Barney ', 'Rubble', '1616 Stonehenge  ', 'Granite', 'CO', '80234', '(720)555-1456', 'rockhead@com.net', '$2y$10$kbrE1OB0WZnWiraN0iAJluIuImTRcRVjRk5cuNAJ1AkRocP6dDGh6', 'owner', '2018-06-30 21:04:35'),
(8, 'Fred ', 'Flintstone', '26 Quarry Drive  ', 'Granite', 'CO', '80234', '(720)555-7676', 'freddie@com.net', '$2y$10$kbrE1OB0WZnWiraN0iAJluIuImTRcRVjRk5cuNAJ1AkRocP6dDGh6', 'owner', '2018-06-30 21:04:35'),
(9, 'Larry ', 'Lizard', '908 Green Mtn Rd.  ', 'Green Mountain', 'UT', '23987', '(765)555-4392', 'lizard@com.net', '$2y$10$kbrE1OB0WZnWiraN0iAJluIuImTRcRVjRk5cuNAJ1AkRocP6dDGh6', 'owner', '2018-06-30 21:04:35'),
(10, 'Gwen ', 'Grizzlie', '56231 Bear Lane  ', 'Bear Lake', 'MD', '23123', '(413)678-9808', 'griz@com.net', '$2y$10$kbrE1OB0WZnWiraN0iAJluIuImTRcRVjRk5cuNAJ1AkRocP6dDGh6', 'owner', '2018-06-30 21:04:35'),
(11, 'Olivia ', 'Pope', '878 Fort Road  ', 'Washington', 'DC', '20001', '(404)555-8877', 'opa@com.net', '$2y$10$kbrE1OB0WZnWiraN0iAJluIuImTRcRVjRk5cuNAJ1AkRocP6dDGh6', 'owner', '2018-06-30 21:04:35'),
(12, 'Robert ', 'Smith', '5223 Mountain Lane  ', 'Ft. Morgan', 'WV', '34665', '(505)555-1456', 'bobbys@com.net', '$2y$10$kbrE1OB0WZnWiraN0iAJluIuImTRcRVjRk5cuNAJ1AkRocP6dDGh6', 'owner', '2018-06-30 21:04:35'),
(13, 'Luke ', 'Taylors', '375 Windward Way', 'Asheville', 'NC', '28801', '(828)445-9776', 'luket@com.net', '$2y$10$kbrE1OB0WZnWiraN0iAJluIuImTRcRVjRk5cuNAJ1AkRocP6dDGh6', 'owner', '2018-06-30 21:04:35'),
(15, 'John ', 'Grainger', '2256 N Santa Fe Dr.  ', 'Iliase', 'MD', '23456', '(303)444-4475', 'johnny@com.net', '$2y$10$kbrE1OB0WZnWiraN0iAJluIuImTRcRVjRk5cuNAJ1AkRocP6dDGh6', 'renter', '2018-06-30 21:04:35'),
(16, 'Steve ', 'Snider', '39430 Big Rock Road  ', 'Flame Throw', 'TN', '59012', '(717)420-1212', 'snidley@com.net', '$2y$10$kbrE1OB0WZnWiraN0iAJluIuImTRcRVjRk5cuNAJ1AkRocP6dDGh6', 'renter', '2018-06-30 21:04:35'),
(19, 'Brittany', 'Fox', '297-B Gorgonzola  ', 'Cleo', 'KS', '81029', '(616)410-2942', 'bfoxy@com.net', '$2y$10$kbrE1OB0WZnWiraN0iAJluIuImTRcRVjRk5cuNAJ1AkRocP6dDGh6', 'renter', '2018-06-30 21:04:35'),
(20, 'Fran', 'McCoy', '1440 Manchester Way  ', 'Mountain View', 'CO', '87757', '(303)477-8787', 'franm@com.net', '$2y$10$kbrE1OB0WZnWiraN0iAJluIuImTRcRVjRk5cuNAJ1AkRocP6dDGh6', 'renter', '2018-06-30 21:04:35'),
(21, 'Joan', 'Thomaston', '667438 E. 91st St.  ', 'Baseboard', 'PA', '56987', '(616)684-9385', 'joanie@com.net', '$2y$10$kbrE1OB0WZnWiraN0iAJluIuImTRcRVjRk5cuNAJ1AkRocP6dDGh6', 'renter', '2018-06-30 21:04:35'),
(22, 'Ted', 'Stiggle', '12920 Industrial Workers  ', 'Scraggy View', 'CO', '82191', '(303)421-1410', 'thestig@com.et', '$2y$10$kbrE1OB0WZnWiraN0iAJluIuImTRcRVjRk5cuNAJ1AkRocP6dDGh6', 'renter', '2018-06-30 21:04:35'),
(23, 'Dean', 'Farrell', '121 Highway 80  ', 'Excelsior', 'MD', '23498', '(717)483-3111', 'farrelld@com.net', '$2y$10$kbrE1OB0WZnWiraN0iAJluIuImTRcRVjRk5cuNAJ1AkRocP6dDGh6', 'renter', '2018-06-30 21:04:35'),
(24, 'Maureen', 'Waltz', '1900 Industrial Way  ', 'Fargone', 'NC', '41923', '(215)419-2349', 'waltzer@com.net', '$2y$10$kbrE1OB0WZnWiraN0iAJluIuImTRcRVjRk5cuNAJ1AkRocP6dDGh6', 'renter', '2018-06-30 21:04:35'),
(25, 'Janet', 'Logan', '860 Charleston St.  ', 'Oxalys', 'NY', '54133', '(303)441-1321', 'janetlogan@com.net', '$2y$10$kbrE1OB0WZnWiraN0iAJluIuImTRcRVjRk5cuNAJ1AkRocP6dDGh6', 'renter', '2018-06-30 21:04:35'),
(26, 'Linda', 'Paloma', '1928 Highway 12  ', 'Portugal', 'NC', '82394', '(317)423-9417', 'palomafam@com.net', '$2y$10$kbrE1OB0WZnWiraN0iAJluIuImTRcRVjRk5cuNAJ1AkRocP6dDGh6', 'renter', '2018-06-30 21:04:35'),
(27, 'Gregg', 'Hansen', '6065 Rainbow Falls Rd  ', 'Roselle', 'PA', '57203', '(505)472-0398', 'gregghansen@com.net', '$2y$10$kbrE1OB0WZnWiraN0iAJluIuImTRcRVjRk5cuNAJ1AkRocP6dDGh6', 'renter', '2018-06-30 21:04:35'),
(28, 'Pat', 'Carroll', '4018 Landers Lane ', 'Lafayette', 'OH', '34548', '(303)476-2718', 'pcarroll@com.net', '$2y$10$kbrE1OB0WZnWiraN0iAJluIuImTRcRVjRk5cuNAJ1AkRocP6dDGh6', 'renter', '2018-06-30 21:04:35'),
(29, 'Bee', 'Wolf', '1775 Bear Trail  ', 'Outcroppin', 'WY', '74345', '(404)443-4863', 'beew@com.net', '$2y$10$kbrE1OB0WZnWiraN0iAJluIuImTRcRVjRk5cuNAJ1AkRocP6dDGh6', 'renter', '2018-06-30 21:04:35'),
(30, 'Scott', 'Krumple', '580 E Main St.  ', 'La Garita', 'CO', '88413', '(303)444-1324', 'scottk@com.net', '$2y$10$kbrE1OB0WZnWiraN0iAJluIuImTRcRVjRk5cuNAJ1AkRocP6dDGh6', 'renter', '2018-06-30 21:04:35'),
(31, 'Elliot', 'Harvey', '34 Kerry Drive  ', 'El Mano', 'MD', '23646', '(505)406-4647', 'ellioth@com.net', '$2y$10$kbrE1OB0WZnWiraN0iAJluIuImTRcRVjRk5cuNAJ1AkRocP6dDGh6', 'renter', '2018-06-30 21:04:35'),
(32, 'Carrie', 'Zygote', '8607 Ferndale ', 'St  Montgomery', 'AL', '60631', '(303)406-3104', 'carriez@com.net', '$2y$10$kbrE1OB0WZnWiraN0iAJluIuImTRcRVjRk5cuNAJ1AkRocP6dDGh6', 'renter', '2018-06-30 21:04:35'),
(36, 'Kenneth', 'Stanley', '123 Superman Ave.', 'Krypton', 'NC', '28787', '(828)777-7777', 'kennethlstanley@students.abtech.edu', '$2y$10$kbrE1OB0WZnWiraN0iAJluIuImTRcRVjRk5cuNAJ1AkRocP6dDGh6', 'super_admin', '2018-06-30 21:04:35'),
(40, 'Test', 'Tester', '123 Testing', '', 'NC', '28787', '8283374359', 'test@stanleysoft.org', '$2y$10$IKaKP1YlU6lpkNGa95K6eueMM3wxCMwB.tqa0cp0OzOp.RSZH.TsK', 'admin', '2018-07-01 10:49:42');

-- --------------------------------------------------------

--
-- Table structure for table `user_payment_type`
--

CREATE TABLE `user_payment_type` (
  `user_pay_id` int(11) NOT NULL,
  `user_pay_type` varchar(25) NOT NULL
) ENGINE=InnoDB DEFAULT CHARSET=latin1;

--
-- Dumping data for table `user_payment_type`
--

INSERT INTO `user_payment_type` (`user_pay_id`, `user_pay_type`) VALUES
(1, 'AMEX'),
(4, 'Cash'),
(6, 'Check'),
(2, 'Mastercard'),
(3, 'PayPal'),
(5, 'Visa');

-- --------------------------------------------------------

--
-- Stand-in structure for view `view1_averagerate`
-- (See below for the actual view)
--
CREATE TABLE `view1_averagerate` (
`Prop_Type` varchar(15)
,`Avg_Prop_Rate` decimal(10,2)
);

-- --------------------------------------------------------

--
-- Stand-in structure for view `view2_non_user`
-- (See below for the actual view)
--
CREATE TABLE `view2_non_user` (
`First_Name` varchar(50)
,`Last_Name` varchar(50)
,`Street` varchar(50)
,`City` varchar(50)
,`State` char(2)
,`Zip` varchar(10)
,`Phone` varchar(13)
,`Email` varchar(100)
);

-- --------------------------------------------------------

--
-- Stand-in structure for view `view3_most_frequent_users`
-- (See below for the actual view)
--
CREATE TABLE `view3_most_frequent_users` (
`First Name` varchar(50)
,`Last Name` varchar(50)
,`Times Rented` bigint(21)
);

-- --------------------------------------------------------

--
-- Stand-in structure for view `view4_2017_users`
-- (See below for the actual view)
--
CREATE TABLE `view4_2017_users` (
`First Name` varchar(50)
,`Last Name` varchar(50)
,`Street` varchar(50)
,`City` varchar(50)
,`State` char(2)
,`Zip` varchar(10)
,`Phone` varchar(13)
,`Email` varchar(100)
);

-- --------------------------------------------------------

--
-- Stand-in structure for view `view5_ov_rate_increase`
-- (See below for the actual view)
--
CREATE TABLE `view5_ov_rate_increase` (
`Property Type` varchar(15)
,`Current Rate` decimal(9,2)
,`New Rate` decimal(11,2)
);

-- --------------------------------------------------------

--
-- Stand-in structure for view `view6_yearly_earning`
-- (See below for the actual view)
--
CREATE TABLE `view6_yearly_earning` (
`Property ID` varchar(5)
,`Year` int(4)
,`Total Rent` decimal(31,2)
,`Cleaning` decimal(31,2)
,`Pet` decimal(31,2)
,`Property Total Collected` decimal(33,2)
,`SFRC Earning` decimal(34,2)
,`user Earning` decimal(33,2)
);

-- --------------------------------------------------------

--
-- Stand-in structure for view `view7_sfrc_pay_type`
-- (See below for the actual view)
--
CREATE TABLE `view7_sfrc_pay_type` (
`Payment Type` varchar(25)
,`Total Collected` decimal(33,2)
);

-- --------------------------------------------------------

--
-- Stand-in structure for view `view8_user_pet`
-- (See below for the actual view)
--
CREATE TABLE `view8_user_pet` (
`First Name` varchar(50)
,`Last Name` varchar(50)
,`Street Address` varchar(50)
,`City` varchar(50)
,`State` char(2)
,`Zip` varchar(10)
,`Pet` enum('Cat','Dog','Cat,Dog')
);

-- --------------------------------------------------------

--
-- Stand-in structure for view `view9_2017_times_rented`
-- (See below for the actual view)
--
CREATE TABLE `view9_2017_times_rented` (
`First Name` varchar(50)
,`Last Name` varchar(50)
,`Property ID` varchar(5)
,`Building` varchar(50)
,`Times Rented` bigint(21)
);

-- --------------------------------------------------------

--
-- Structure for view `view1_averagerate`
--
DROP TABLE IF EXISTS `view1_averagerate`;

CREATE ALGORITHM=UNDEFINED DEFINER=`root`@`localhost` SQL SECURITY DEFINER VIEW `view1_averagerate`  AS  select distinct `property_type`.`prop_type` AS `Prop_Type`,round(avg(`property_rate`.`prop_rate`),2) AS `Avg_Prop_Rate` from (`property_rate` left join `property_type` on((`property_rate`.`prop_type_id` = `property_type`.`prop_type_id`))) group by `property_type`.`prop_type` ;

-- --------------------------------------------------------

--
-- Structure for view `view2_non_user`
--
DROP TABLE IF EXISTS `view2_non_user`;

CREATE ALGORITHM=UNDEFINED DEFINER=`root`@`localhost` SQL SECURITY DEFINER VIEW `view2_non_user`  AS  select `a`.`user_fName` AS `First_Name`,`a`.`user_lName` AS `Last_Name`,`a`.`user_street` AS `Street`,`a`.`user_city` AS `City`,`a`.`user_state` AS `State`,`a`.`user_zip` AS `Zip`,`a`.`user_phone` AS `Phone`,`a`.`user_email` AS `Email` from (`user` `a` left join `transactions` `b` on((`b`.`user_id` = `a`.`user_id`))) where (isnull(`b`.`user_id`) and (`a`.`user_type` = 'renter')) order by `a`.`user_lName` ;

-- --------------------------------------------------------

--
-- Structure for view `view3_most_frequent_users`
--
DROP TABLE IF EXISTS `view3_most_frequent_users`;

CREATE ALGORITHM=UNDEFINED DEFINER=`root`@`localhost` SQL SECURITY DEFINER VIEW `view3_most_frequent_users`  AS  select `b`.`user_fName` AS `First Name`,`b`.`user_lName` AS `Last Name`,count(`a`.`user_id`) AS `Times Rented` from (`user` `b` left join `transactions` `a` on((`a`.`user_id` = `b`.`user_id`))) group by `a`.`user_id`,`b`.`user_fName`,`b`.`user_lName` having (count(`a`.`user_id`) > 0) order by count(`a`.`user_id`) desc ;

-- --------------------------------------------------------

--
-- Structure for view `view4_2017_users`
--
DROP TABLE IF EXISTS `view4_2017_users`;

CREATE ALGORITHM=UNDEFINED DEFINER=`root`@`localhost` SQL SECURITY DEFINER VIEW `view4_2017_users`  AS  select `a`.`user_fName` AS `First Name`,`a`.`user_lName` AS `Last Name`,`a`.`user_street` AS `Street`,`a`.`user_city` AS `City`,`a`.`user_state` AS `State`,`a`.`user_zip` AS `Zip`,`a`.`user_phone` AS `Phone`,`a`.`user_email` AS `Email` from (`user` `a` left join `transactions` `b` on((`a`.`user_id` = `b`.`user_id`))) where ((year(`b`.`trans_arrive_dt`) = 2017) or (year(`b`.`trans_depart_dt`) = 2017)) group by `a`.`user_fName`,`a`.`user_lName`,`a`.`user_street`,`a`.`user_city`,`a`.`user_state`,`a`.`user_zip`,`a`.`user_phone`,`a`.`user_email` ;

-- --------------------------------------------------------

--
-- Structure for view `view5_ov_rate_increase`
--
DROP TABLE IF EXISTS `view5_ov_rate_increase`;

CREATE ALGORITHM=UNDEFINED DEFINER=`root`@`localhost` SQL SECURITY DEFINER VIEW `view5_ov_rate_increase`  AS  select `b`.`prop_type` AS `Property Type`,`a`.`prop_rate` AS `Current Rate`,round((`a`.`prop_rate` * 1.06),2) AS `New Rate` from (`property_rate` `a` left join `property_type` `b` on((`b`.`prop_type_id` = `a`.`prop_type_id`))) where ((`b`.`prop_type_view` = 'oceanview') and (`a`.`prop_rate_start` <= curdate()) and (`a`.`prop_rate_end` >= curdate())) ;

-- --------------------------------------------------------

--
-- Structure for view `view6_yearly_earning`
--
DROP TABLE IF EXISTS `view6_yearly_earning`;

CREATE ALGORITHM=UNDEFINED DEFINER=`root`@`localhost` SQL SECURITY DEFINER VIEW `view6_yearly_earning`  AS  select `a`.`prop_num` AS `Property ID`,year(`b`.`trans_depart_dt`) AS `Year`,sum(`b`.`trans_rate`) AS `Total Rent`,sum(`b`.`trans_cleaning_fee`) AS `Cleaning`,sum(`b`.`trans_pet_deposit`) AS `Pet`,((sum(`b`.`trans_rate`) + sum(`b`.`trans_cleaning_fee`)) + sum(`b`.`trans_pet_deposit`)) AS `Property Total Collected`,round(((sum(`b`.`trans_rate`) * 0.25) + sum(`b`.`trans_pet_deposit`)),2) AS `SFRC Earning`,round((sum(`b`.`trans_rate`) * 0.75),2) AS `user Earning` from (`property` `a` left join `transactions` `b` on((`b`.`prop_id` = `a`.`prop_id`))) group by `a`.`prop_num`,year(`b`.`trans_depart_dt`) order by `a`.`prop_num`,year(`b`.`trans_depart_dt`) ;

-- --------------------------------------------------------

--
-- Structure for view `view7_sfrc_pay_type`
--
DROP TABLE IF EXISTS `view7_sfrc_pay_type`;

CREATE ALGORITHM=UNDEFINED DEFINER=`root`@`localhost` SQL SECURITY DEFINER VIEW `view7_sfrc_pay_type`  AS  select `a`.`user_pay_type` AS `Payment Type`,((sum(`b`.`trans_rate`) + sum(`b`.`trans_cleaning_fee`)) + sum(`b`.`trans_pet_deposit`)) AS `Total Collected` from (`user_payment_type` `a` left join `transactions` `b` on((`b`.`user_pay_id` = `a`.`user_pay_id`))) group by `a`.`user_pay_type` ;

-- --------------------------------------------------------

--
-- Structure for view `view8_user_pet`
--
DROP TABLE IF EXISTS `view8_user_pet`;

CREATE ALGORITHM=UNDEFINED DEFINER=`root`@`localhost` SQL SECURITY DEFINER VIEW `view8_user_pet`  AS  select `a`.`user_fName` AS `First Name`,`a`.`user_lName` AS `Last Name`,`a`.`user_street` AS `Street Address`,`a`.`user_city` AS `City`,`a`.`user_state` AS `State`,`a`.`user_zip` AS `Zip`,`b`.`trans_pet_type` AS `Pet` from (`user` `a` left join `transactions` `b` on((`b`.`user_id` = `a`.`user_id`))) where (`b`.`trans_pet_type` is not null) group by `a`.`user_fName`,`a`.`user_lName`,`a`.`user_street`,`a`.`user_city`,`a`.`user_state`,`a`.`user_zip` ;

-- --------------------------------------------------------

--
-- Structure for view `view9_2017_times_rented`
--
DROP TABLE IF EXISTS `view9_2017_times_rented`;

CREATE ALGORITHM=UNDEFINED DEFINER=`root`@`localhost` SQL SECURITY DEFINER VIEW `view9_2017_times_rented`  AS  (select `a`.`user_fName` AS `First Name`,`a`.`user_lName` AS `Last Name`,`b`.`prop_num` AS `Property ID`,`d`.`building_name` AS `Building`,count(`c`.`prop_id`) AS `Times Rented` from (((`property` `b` left join `user` `a` on((`b`.`user_id` = `a`.`user_id`))) left join `transactions` `c` on((`c`.`prop_id` = `b`.`prop_id`))) left join `building` `d` on((`d`.`building_id` = `b`.`building_id`))) where (year(`c`.`trans_arrive_dt`) = 2017) group by `b`.`prop_num`,`a`.`user_fName`,`a`.`user_lName`,`d`.`building_name`) union (select `a`.`user_fName` AS `First Name`,`a`.`user_lName` AS `Last Name`,`b`.`prop_num` AS `Property ID`,`d`.`building_name` AS `Building`,count(`c`.`prop_id`) AS `Times Rented` from (((`property` `b` left join `user` `a` on((`b`.`user_id` = `a`.`user_id`))) left join `transactions` `c` on((`c`.`prop_id` = `b`.`prop_id`))) left join `building` `d` on((`d`.`building_id` = `b`.`building_id`))) group by `b`.`prop_num`,`a`.`user_fName`,`a`.`user_lName`,`d`.`building_name` having (count(`c`.`prop_id`) < 1)) ;

--
-- Indexes for dumped tables
--

--
-- Indexes for table `building`
--
ALTER TABLE `building`
  ADD PRIMARY KEY (`building_id`),
  ADD UNIQUE KEY `building_name` (`building_name`);

--
-- Indexes for table `building_pics`
--
ALTER TABLE `building_pics`
  ADD PRIMARY KEY (`building_pic_id`),
  ADD KEY `building_pic_fk_building` (`building_id`);

--
-- Indexes for table `cleaning_rates`
--
ALTER TABLE `cleaning_rates`
  ADD PRIMARY KEY (`cleaning_id`),
  ADD UNIQUE KEY `cleaning_rooms` (`cleaning_rooms`);

--
-- Indexes for table `output_images`
--
ALTER TABLE `output_images`
  ADD PRIMARY KEY (`imageId`);

--
-- Indexes for table `property`
--
ALTER TABLE `property`
  ADD PRIMARY KEY (`prop_id`),
  ADD UNIQUE KEY `prop_num` (`prop_num`),
  ADD KEY `property_fk_building` (`building_id`),
  ADD KEY `property_fk_user` (`user_id`),
  ADD KEY `property_fk_type` (`prop_type_id`);

--
-- Indexes for table `property_rate`
--
ALTER TABLE `property_rate`
  ADD PRIMARY KEY (`prop_rate_id`),
  ADD KEY `prop_type_fk_type` (`prop_type_id`);

--
-- Indexes for table `property_type`
--
ALTER TABLE `property_type`
  ADD PRIMARY KEY (`prop_type_id`),
  ADD UNIQUE KEY `prop_type` (`prop_type`),
  ADD KEY `prop_type_fk_building` (`building_id`);

--
-- Indexes for table `prop_pics`
--
ALTER TABLE `prop_pics`
  ADD PRIMARY KEY (`prop_pic_id`),
  ADD KEY `prop_pic_fk_property` (`prop_id`);

--
-- Indexes for table `transactions`
--
ALTER TABLE `transactions`
  ADD PRIMARY KEY (`trans_id`),
  ADD KEY `trans_fk_user` (`user_id`),
  ADD KEY `trans_fk_prop` (`prop_id`),
  ADD KEY `trans_fk_payment` (`user_pay_id`);

--
-- Indexes for table `user`
--
ALTER TABLE `user`
  ADD PRIMARY KEY (`user_id`);

--
-- Indexes for table `user_payment_type`
--
ALTER TABLE `user_payment_type`
  ADD PRIMARY KEY (`user_pay_id`),
  ADD UNIQUE KEY `user_pay_type` (`user_pay_type`);

--
-- AUTO_INCREMENT for dumped tables
--

--
-- AUTO_INCREMENT for table `building`
--
ALTER TABLE `building`
  MODIFY `building_id` int(11) NOT NULL AUTO_INCREMENT, AUTO_INCREMENT=3;

--
-- AUTO_INCREMENT for table `building_pics`
--
ALTER TABLE `building_pics`
  MODIFY `building_pic_id` int(11) NOT NULL AUTO_INCREMENT;

--
-- AUTO_INCREMENT for table `cleaning_rates`
--
ALTER TABLE `cleaning_rates`
  MODIFY `cleaning_id` int(11) NOT NULL AUTO_INCREMENT, AUTO_INCREMENT=3;

--
-- AUTO_INCREMENT for table `output_images`
--
ALTER TABLE `output_images`
  MODIFY `imageId` tinyint(3) NOT NULL AUTO_INCREMENT, AUTO_INCREMENT=5;

--
-- AUTO_INCREMENT for table `property`
--
ALTER TABLE `property`
  MODIFY `prop_id` int(11) NOT NULL AUTO_INCREMENT, AUTO_INCREMENT=14;

--
-- AUTO_INCREMENT for table `property_rate`
--
ALTER TABLE `property_rate`
  MODIFY `prop_rate_id` int(11) NOT NULL AUTO_INCREMENT, AUTO_INCREMENT=31;

--
-- AUTO_INCREMENT for table `property_type`
--
ALTER TABLE `property_type`
  MODIFY `prop_type_id` int(11) NOT NULL AUTO_INCREMENT, AUTO_INCREMENT=7;

--
-- AUTO_INCREMENT for table `prop_pics`
--
ALTER TABLE `prop_pics`
  MODIFY `prop_pic_id` int(11) NOT NULL AUTO_INCREMENT;

--
-- AUTO_INCREMENT for table `transactions`
--
ALTER TABLE `transactions`
  MODIFY `trans_id` int(11) NOT NULL AUTO_INCREMENT, AUTO_INCREMENT=29;

--
-- AUTO_INCREMENT for table `user`
--
ALTER TABLE `user`
  MODIFY `user_id` int(11) NOT NULL AUTO_INCREMENT, AUTO_INCREMENT=41;

--
-- AUTO_INCREMENT for table `user_payment_type`
--
ALTER TABLE `user_payment_type`
  MODIFY `user_pay_id` int(11) NOT NULL AUTO_INCREMENT, AUTO_INCREMENT=7;

--
-- Constraints for dumped tables
--

--
-- Constraints for table `building_pics`
--
ALTER TABLE `building_pics`
  ADD CONSTRAINT `building_pic_fk_building` FOREIGN KEY (`building_id`) REFERENCES `building` (`building_id`);

--
-- Constraints for table `property`
--
ALTER TABLE `property`
  ADD CONSTRAINT `property_fk_building` FOREIGN KEY (`building_id`) REFERENCES `building` (`building_id`),
  ADD CONSTRAINT `property_fk_type` FOREIGN KEY (`prop_type_id`) REFERENCES `property_type` (`prop_type_id`),
  ADD CONSTRAINT `property_fk_user` FOREIGN KEY (`user_id`) REFERENCES `user` (`user_id`);

--
-- Constraints for table `property_rate`
--
ALTER TABLE `property_rate`
  ADD CONSTRAINT `prop_type_fk_type` FOREIGN KEY (`prop_type_id`) REFERENCES `property_type` (`prop_type_id`);

--
-- Constraints for table `property_type`
--
ALTER TABLE `property_type`
  ADD CONSTRAINT `prop_type_fk_building` FOREIGN KEY (`building_id`) REFERENCES `building` (`building_id`);

--
-- Constraints for table `prop_pics`
--
ALTER TABLE `prop_pics`
  ADD CONSTRAINT `prop_pic_fk_property` FOREIGN KEY (`prop_id`) REFERENCES `property` (`prop_id`);

--
-- Constraints for table `transactions`
--
ALTER TABLE `transactions`
  ADD CONSTRAINT `trans_fk_payment` FOREIGN KEY (`user_pay_id`) REFERENCES `user_payment_type` (`user_pay_id`) ON DELETE CASCADE ON UPDATE CASCADE,
  ADD CONSTRAINT `trans_fk_prop` FOREIGN KEY (`prop_id`) REFERENCES `property` (`prop_id`) ON DELETE CASCADE ON UPDATE CASCADE,
  ADD CONSTRAINT `trans_fk_user` FOREIGN KEY (`user_id`) REFERENCES `user` (`user_id`) ON DELETE CASCADE ON UPDATE CASCADE;
COMMIT;

/*!40101 SET CHARACTER_SET_CLIENT=@OLD_CHARACTER_SET_CLIENT */;
/*!40101 SET CHARACTER_SET_RESULTS=@OLD_CHARACTER_SET_RESULTS */;
/*!40101 SET COLLATION_CONNECTION=@OLD_COLLATION_CONNECTION */;
